Time,L_Hip_Joint,L_Hip_Vert,L_Knee,L_Ankle,R_Hip_Joint,R_Hip_Vert,R_Knee,R_Ankle
0.0,-8.8,-4.126946771980342,12.0,-0.6000000000000001,25.200000000000003,-4.0,1.4000000000000001,-11.663715892973578
0.01,-8.200000000000001,-4.2,9.600000000000001,1.8,24.6,-4.0,0.8217745991964132,-11.97044485710963
0.02,-6.800000000000001,-4.0,6.783551717897807,2.4000000000000004,25.8,-6.800000000000001,-0.2,-12.200000000000001
0.03,-6.800000000000001,-3.0,2.6,3.8000000000000003,24.6,-5.201429296070539,-1.8,-12.8
0.04,-7.6000000000000005,-1.6087842602513194,1.2000000000000002,4.800000000000001,24.200000000000003,-6.4,-0.994270645374825,-10.8
0.05,-7.2,-2.2314681208839278,0.4,6.0,24.400000000000002,-6.6000000000000005,-0.6000000000000001,-12.200000000000001
0.06,-7.6000000000000005,-0.4,2.2,9.600000000000001,24.0,-7.4,1.2000000000000002,-12.462338304854638
0.07,-8.4,0.2,5.4,8.619539930857307,23.6,-7.2,0.4,-11.998588084700708
0.08,-8.0,0.6000000000000001,6.6000000000000005,8.8,24.400000000000002,-9.200000000000001,-0.6000000000000001,-12.8
0.09,-5.800000000000001,-0.6000000000000001,7.6000000000000005,11.8,23.8,-7.800000000000001,-1.8,-11.4
0.1,-5.724749814614297,-0.8,11.200000000000001,14.0,24.200000000000003,-7.800000000000001,2.4000000000000004,-12.600000000000001
0.11,-6.6000000000000005,0.0,11.4,15.600000000000001,23.552248318513257,-9.200000000000001,0.6000000000000001,-11.8
0.12,-6.4,1.667724726607062,9.200000000000001,14.4,21.8,-9.200000000000001,1.0,-13.600000000000001
0.13,-4.6000000000000005,2.0,13.600000000000001,18.0,20.400000000000002,-10.200000000000001,-0.36017319675574977,-14.4
0.14,-5.0,-1.3342057742498923,12.0,18.8,21.0,-9.8,0.0,-11.8
0.15,-5.0,1.8,16.14121663212209,15.4,22.400000000000002,-9.536526064286832,-0.2554133813243492,-12.0
0.16,-3.2,-0.6000000000000001,14.200000000000001,15.410741447737685,21.8,-10.200000000000001,0.2,-11.200000000000001
0.17,-2.4000000000000004,2.0,13.600000000000001,13.8,21.400000000000002,-9.600000000000001,2.0,-12.8
0.18,-3.466482280424286,1.7270787931356517,13.200000000000001,16.400000000000002,20.8,-9.600000000000001,-1.0,-8.200000000000001
0.19,-2.0,1.8,9.4,12.4,20.400000000000002,-11.200000000000001,2.8671545865322856,-9.200000000000001
0.2,-0.3679938526260219,3.7779964826249426,10.200000000000001,13.0,19.0,-11.200000000000001,6.6000000000000005,-7.4
0.21,1.2000000000000002,2.6,7.223436290030392,13.559823198020771,19.8,-12.200000000000001,9.4,-9.44992068930379
0.22,0.5292423710331982,3.4000000000000004,5.800000000000001,11.600000000000001,17.619894914371113,-11.8,13.56329395274144,-7.4
0.23,0.6000000000000001,2.6,4.6000000000000005,10.8,18.6,-11.4,14.16204117968978,-6.6000000000000005
0.24,1.0,3.8000000000000003,1.6,11.200000000000001,15.200000000000001,-11.0,21.050384408212185,-6.141346946765417
0.25,2.6,4.800000000000001,12.200000000000001,13.0,14.564031591423058,-12.0,20.8,-5.6000000000000005
0.26,3.2,3.2,14.200000000000001,9.8,14.200000000000001,-11.600000000000001,23.97343859282494,-6.6000000000000005
0.27,2.0,4.800000000000001,14.0,9.477287547300257,13.600000000000001,-13.4,27.652913315404316,-4.4
0.28,3.190974683266964,4.4,11.8,8.0,12.600000000000001,-12.0,30.1724815799844,-4.815762468910105
0.29,3.4000000000000004,4.4,11.600000000000001,8.8,12.600000000000001,-13.200000000000001,34.0,-4.0
0.3,6.4,4.2,11.86236371965301,8.855411871578749,11.200000000000001,-10.8,36.4,-2.8000000000000003
0.31,8.4,5.4,13.657754483360455,6.723284548330788,10.0,-10.600000000000001,38.6,-2.6775317840799793
0.32,9.0,5.2,13.0,7.4,9.4,-10.878242901097686,39.400000000000006,-2.0
0.33,7.6000000000000005,4.66605146396346,12.008711491316108,5.6000000000000005,10.200000000000001,-13.200000000000001,43.0,-0.0
0.34,8.8,4.800000000000001,12.600000000000001,3.8000000000000003,8.4,-11.602138963689265,45.2,-0.7794941996495919
0.35000000000000003,9.200000000000001,5.4,11.200000000000001,5.587560387828748,5.6000000000000005,-14.8,48.2,-0.4
0.36,11.4,5.148763515096902,10.0,6.6000000000000005,8.0,-11.158784758095178,48.800000000000004,0.39122226222543544
0.37,13.26394852368099,4.212514161523699,8.200000000000001,2.8000000000000003,6.2,-12.200000000000001,50.6,0.0
0.38,14.200000000000001,5.6000000000000005,7.0,3.5774355084557876,5.6000000000000005,-13.78381913133453,53.6,1.8
0.39,13.200000000000001,5.2,8.0,4.261249481500311,5.188667887780149,-11.4,51.6,3.0
0.4,14.600000000000001,6.371324482187225,8.200000000000001,2.4000000000000004,4.4,-12.200000000000001,53.400000000000006,3.2
0.41000000000000003,14.600000000000001,2.6,10.0,0.4,1.7290376235342002,-12.0,53.400000000000006,3.4000000000000004
0.42,16.2,4.6000000000000005,7.0,1.4000000000000001,1.0,-11.000425698639278,56.800000000000004,4.6000000000000005
0.43,16.2,5.0,7.0,2.2,3.6,-10.4,57.2,4.0
0.44,17.0,4.6000000000000005,6.800000000000001,-0.4376807202537112,-0.2,-10.8,57.40811007743663,5.2
0.45,17.0,3.2,6.2,-0.2,0.24427944114694822,-13.200000000000001,56.400000000000006,7.2
0.46,16.0,1.8,7.4,-2.0,0.8,-10.4,56.0,6.0
0.47000000000000003,19.200000000000003,4.637850469459124,6.534091378722768,-1.6,-1.865594066813096,-11.4,54.800000000000004,7.4
0.48,20.6,2.2,4.800000000000001,-1.6,-2.4000000000000004,-9.600000000000001,55.55693519084594,8.0
0.49,21.0,2.2,3.831456493097394,-2.4000000000000004,-1.5374656627520193,-9.600000000000001,52.800000000000004,7.2
0.51,20.0,4.2,3.4000000000000004,-3.6,-2.941188060952337,-9.8,51.800000000000004,9.200000000000001
0.52,19.8,0.6000000000000001,3.6,-3.1202478957748,-3.1246256120291904,-9.4,51.6,8.657558287535144
0.53,22.400000000000002,2.4000000000000004,2.4000000000000004,-3.6,-4.2,-10.8,52.6,10.200000000000001
0.54,21.8,0.6000000000000001,3.6,-4.047987265033516,-5.2,-7.0,48.800000000000004,9.789303068445092
0.55,23.0,0.2,1.6174125920245732,-5.6000000000000005,-5.4,-7.991421887772794,47.237043259295014,11.200000000000001
0.56,22.8,0.8,3.4000000000000004,-6.6000000000000005,-4.4,-7.7809229347251465,46.0,11.600000000000001
0.5700000000000001,22.8,1.0,2.1536237342302775,-4.4409784661365315,-6.13464940115121,-7.2,44.54671057661029,12.200000000000001
0.58,25.8,0.8,-0.2,-6.800000000000001,-5.724574775325387,-9.0,43.063909037775275,12.78578247681996
0.59,25.400000000000002,0.6000000000000001,2.2,-7.800000000000001,-7.6000000000000005,-5.800000000000001,38.2,12.600000000000001
0.6,25.242951126781605,-1.6,-0.6000000000000001,-9.600000000000001,-4.800000000000001,-6.770867975291933,36.800000000000004,12.600000000000001
0.61,26.400000000000002,-2.4000000000000004,2.4000000000000004,-9.600000000000001,-6.800000000000001,-6.0,34.6,14.4
0.62,25.8,-2.0,1.6640864410114486,-9.77342694041178,-7.0,-6.2,32.2,16.0
0.63,25.6,-1.6,2.9338668379577175,-9.4,-6.3380358009320465,-6.4,29.8,16.0
0.64,27.773548163461314,-2.6,-1.6203138786312365,-10.654230900271525,-8.0,-5.4,27.0,16.6
0.65,28.0,-6.454678004061698,1.0,-10.8,-6.4,-4.6000000000000005,23.200000000000003,16.1926549144341
0.66,25.200000000000003,-5.0,0.8,-12.8,-9.200000000000001,-4.0,21.37946381286776,17.400000000000002
0.67,26.6,-3.8000000000000003,0.13512528850026506,-10.600000000000001,-8.461998623193205,-4.2,18.0,0.05757664291603
0.68,26.400000000000002,-3.0,1.8,-12.537791647115204,-8.40997090189712,-3.4000000000000004,14.8,1.6
0.6900000000000001,27.200000000000003,-5.184631491148675,0.6000000000000001,-11.8,-9.4,-3.2,10.200000000000001,3.8000000000000003
0.7000000000000001,25.200000000000003,-4.0,2.4000000000000004,-12.4,-8.0,-3.8000000000000003,8.200000000000001,2.8000000000000003
0.71,27.400000000000002,-6.6000000000000005,-0.0,-12.200000000000001,-7.4,-2.0230103061819333,5.4,7.613891609844247
0.72,25.0,-5.279998650846191,-1.0,-12.8,-8.200000000000001,-1.6,0.4,6.0
0.73,25.6,-5.6000000000000005,0.2,-11.600000000000001,-8.200000000000001,-1.8,3.2,10.4
0.74,24.400000000000002,-5.800000000000001,1.6659111770605366,-12.8,-6.6000000000000005,0.2,6.800000000000001,9.0
0.75,24.6,-7.6000000000000005,2.0,-11.600000000000001,-6.4,-0.4,7.595451917062605,10.4
0.76,23.8,-8.6,0.0,-12.0,-6.4,0.4,9.0,12.0
0.77,23.6,-6.6000000000000005,1.6,-11.200000000000001,-7.0,-0.6000000000000001,12.200000000000001,13.4
0.78,25.0,-9.200000000000001,1.4000000000000001,-11.200000000000001,-5.6000000000000005,0.0027799275100434256,11.8,14.427097987237698
0.79,23.6,-8.8,1.2000000000000002,-12.200000000000001,-5.6000000000000005,0.8,11.600000000000001,16.0
0.8,25.200000000000003,-7.0,2.725661460657516,-11.4,-4.4,0.2,13.4,17.8
0.81,22.6,-8.6,0.7881223642918337,-11.862411334495288,-4.4,-0.0,15.8,16.6
0.8200000000000001,21.6,-8.6,0.0,-9.600000000000001,-3.4000000000000004,3.4000000000000004,15.4,17.8
0.8300000000000001,21.200000000000003,-8.6,1.2000000000000002,-10.600000000000001,-4.2,1.8,14.8,17.8
0.84,21.0,-9.0,0.8,-9.8,-3.6,2.563771234156732,15.200000000000001,13.8
0.85,21.0,-9.8,2.0,-9.600000000000001,-1.0,3.2,13.4,17.0
0.86,19.608215642551443,-11.039589799118417,3.8000000000000003,-9.122669212878632,-0.2,3.0,11.8,15.4
0.87,17.946443944898917,-7.654053566158288,7.2,-6.0,-0.8,2.4774384083959586,11.4,14.4
0.88,19.6,-10.8,10.0,-7.0,0.4,4.800000000000001,8.6,13.0
0.89,19.200000000000003,-10.4,11.200000000000001,-6.800000000000001,0.6000000000000001,3.3499660907483872,7.6000000000000005,13.200000000000001
0.9,16.8,-10.4,16.8,-6.800000000000001,2.8000000000000003,4.800000000000001,4.2,13.4
0.91,18.0,-11.600000000000001,21.0,-4.6000000000000005,2.132185017889798,5.800000000000001,1.8,14.600000000000001
0.92,15.472979238307943,-11.600000000000001,23.400000000000002,-5.6000000000000005,2.8000000000000003,3.2,14.0,13.600000000000001
0.93,16.2,-9.8,24.400000000000002,-4.4,5.0,5.4,14.4,9.200000000000001
0.9400000000000001,13.4,-12.200000000000001,28.400000000000002,-1.8,4.0,5.0,13.4,10.0
0.9500000000000001,16.0,-11.200000000000001,31.400000000000002,-4.4,5.800000000000001,4.0,12.923843503013883,9.8
0.96,11.0,-10.8,34.800000000000004,-2.140057099411205,5.2,5.344105156171333,13.0,10.4
0.97,10.8,-12.0,37.0578845898678,-2.0,7.807247713068694,5.2,12.8,8.4
0.98,13.4,-11.8,36.2,-1.2000000000000002,8.8,4.6000000000000005,10.8,7.235265741784927
0.99,8.6,-10.8,40.6,-1.4000000000000001,7.4,7.0,9.4,7.4
1.0,9.4,-12.0,43.400000000000006,-1.2000000000000002,8.200000000000001,5.6000000000000005,12.07612639457371,6.4
1.01,8.200000000000001,-13.846427086082876,45.2,0.2,10.600000000000001,4.0,11.200000000000001,7.4
1.02,8.0,-10.142331793231023,47.400000000000006,0.2,13.200000000000001,5.363011564118656,9.4,8.200000000000001
1.03,7.433388374999787,-12.533632546325295,48.800000000000004,-1.2000000000000002,13.0,5.0,10.850108051162938,6.2
1.04,6.2,-11.359194948318574,50.6,0.8,12.60476108183667,4.067208680081231,10.4,5.6000000000000005
1.05,6.4,-12.8,52.960221174256354,2.0,12.8,4.825416969293564,9.200000000000001,5.4
1.06,6.179887001756267,-12.0,54.6,1.8,13.200000000000001,5.2,11.0,4.0
1.07,3.4000000000000004,-11.785582955223889,54.13680196328989,3.6,16.0,3.8000000000000003,10.0,2.6
1.08,1.6,-11.043062957461911,55.800000000000004,3.2,16.8,3.2,7.791521425162875,2.2
1.09,1.7708695352246846,-11.8,56.2,4.6000000000000005,16.0,2.992948404109352,7.4,3.0
1.1,2.2,-8.8,57.6,7.254345041051238,17.267548537618605,3.0,6.0,1.6
1.11,1.4000000000000001,-10.600000000000001,57.2,7.0,18.275151159218396,4.6000000000000005,8.200000000000001,-0.2
1.12,1.4000000000000001,-9.600000000000001,58.6,6.800000000000001,20.6,4.4,6.800000000000001,1.4000000000000001
1.1300000000000001,1.6,-10.200000000000001,56.940320693053074,8.585154773669423,19.6,2.8000000000000003,7.067241814252388,-1.2000000000000002
1.1400000000000001,-0.6000000000000001,-9.0,54.400000000000006,7.4,19.200000000000003,3.2,3.6,-2.0
1.1500000000000001,-1.8,-11.8,56.800000000000004,8.0,19.6,1.8,6.2689695417316305,-2.3299975164094953
1.16,-2.8000000000000003,-10.200000000000001,55.6,7.4,20.400000000000002,2.2,4.4,-1.8
1.17,-2.8000000000000003,-9.600000000000001,54.6,10.4,23.161543047492025,2.0,5.2,-1.5459967051780212
1.18,-2.4000000000000004,-9.4,51.184789615073626,11.600000000000001,23.0,2.6,4.6000000000000005,-2.931634518137089
1.19,-4.2,-8.0,52.400000000000006,11.202182665249033,22.6,3.2,3.6,-4.225071209570517
1.2,-3.6,-7.636044579451953,50.800000000000004,12.200000000000001,20.6,0.6000000000000001,2.605288339460523,-5.2
1.21,-5.6000000000000005,-8.0,46.800000000000004,8.6,23.200000000000003,0.6000000000000001,3.2,-4.045625593258685
1.22,-5.0,-7.6000000000000005,47.0,14.193017262101868,24.8,1.2000000000000002,1.5574161266357394,-5.6000000000000005
1.23,-7.0,-4.6000000000000005,44.6,12.477988308672678,25.200000000000003,-0.8,3.2,-5.6000000000000005
1.24,-6.4,-6.430417636303174,42.2,15.4,25.6,-0.6000000000000001,1.0,-6.6000000000000005
1.25,-4.641817800071156,-8.6,39.800000000000004,15.4,24.200000000000003,0.8,1.4000000000000001,-6.800000000000001
1.26,-6.0,-5.2,35.5885730974869,15.0,26.0,0.8680632652111655,0.6000000000000001,-7.2474576780910684
1.27,-6.754156872119424,-5.0,34.83489230997754,14.4,25.013170055961936,-1.8,1.4000000000000001,-5.800000000000001
1.28,-6.610461719934174,-4.0,33.0,15.325572150644295,26.194310686344476,-2.0,0.2,-8.4
1.29,-6.4,-4.2,28.758068586250374,14.0,25.607477627958552,-0.9359764491995696,0.6000000000000001,-9.742751825255896
1.3,-6.8271652446328925,-5.4,26.6,17.381073435975114,27.605076495214238,-1.0,3.6,-9.8
1.31,-7.0,-3.2,23.23229434873512,14.4,27.06625990547242,-2.8157451990503546,2.2,-11.4
1.32,-8.200000000000001,-3.6,20.200000000000003,17.2,26.6,-3.6,1.7979376535429525,-12.0
1.33,-8.735164520473566,-2.2,15.8,19.8,28.200000000000003,-2.8000000000000003,1.8,-10.4
1.34,-6.6000000000000005,-1.6,15.0,1.8,26.400000000000002,-2.7898174459002893,1.6,-11.200000000000001
1.35,-8.655965128388566,-3.0,11.200000000000001,1.0,25.200000000000003,-3.6,1.2000000000000002,-10.4
1.36,-6.800000000000001,-1.6,7.0,2.4000000000000004,27.86338012404037,-2.2,2.2,-13.200000000000001
1.37,-6.0,-0.9556791263206476,5.800000000000001,4.4,26.8,-4.135140162886628,0.5719677771350683,-12.600000000000001
1.3800000000000001,-8.0,-1.4000000000000001,2.2,6.474942131269246,26.200000000000003,-6.0,2.9916777006416955,-11.200000000000001
1.3900000000000001,-7.4,0.760461489253872,1.2000000000000002,8.4,25.6,-4.828896214016846,1.4000000000000001,-12.4
1.4000000000000001,-6.837786320949769,0.2,4.800000000000001,9.600000000000001,26.6,-6.4,2.265822724926092,-12.947105403059041
1.41,-7.224837486003224,-1.0,7.2,9.179102434439788,26.6,-6.214794042976489,3.0,-12.600000000000001
1.42,-7.0,0.2,6.800000000000001,12.0,24.8,-5.6000000000000005,1.7650935337486524,-11.8
1.43,-6.2,1.2000000000000002,8.4,13.4,25.8,-6.0,0.6000000000000001,-11.200000000000001
1.44,-6.2384237623122525,2.67574230805925,9.0,14.600000000000001,25.13963786910996,-10.0,2.6,-9.8
1.45,-4.4,1.6,12.079836156648412,17.783741332528635,23.6,-8.0,3.0,-12.600000000000001
1.46,-4.386335513404624,1.647434163401104,13.4,17.400000000000002,24.0,-8.353117664823223,-0.5457653128503296,-12.600000000000001
1.47,-5.6000000000000005,3.0799548356793918,13.0,18.8,22.975217628546698,-8.168217784742941,1.2000000000000002,-13.0
1.48,-1.8,1.8,14.200000000000001,19.6,24.400000000000002,-9.4,1.6,-10.600000000000001
1.49,-3.4000000000000004,1.3934685701435527,16.0,18.0,22.0,-9.200000000000001,1.2000000000000002,-10.375934142176527
1.51,-2.6,3.4142925095994108,15.258280139669008,16.0,23.640444011774846,-9.200000000000001,0.2,-11.0
1.52,-2.583835022159531,2.6,13.600000000000001,17.2,21.6,-11.0,0.4,-10.269929218561032
1.53,-1.4000000000000001,6.0,14.8,15.0,19.200000000000003,-9.8,-0.4,-9.0
1.54,-1.6,3.8000000000000003,11.0,14.0,18.0,-9.0,5.0,-8.4
1.55,-1.4000000000000001,4.364864247214569,11.4,13.421008119426764,19.400000000000002,-11.4,8.6,-8.829112294818756
1.56,0.1287598355973786,3.4000000000000004,9.021691894511644,15.0,20.22943793693281,-10.200000000000001,12.0,-7.0
1.57,2.6,5.4,7.4,13.865163008923062,19.400000000000002,-10.600000000000001,13.8,-8.0
1.58,2.6,4.4,5.6000000000000005,13.8,17.6,-12.672215937280532,17.2,-6.0
1.59,3.8000000000000003,4.4,4.4,12.8,16.0,-11.4,21.200000000000003,-5.6000000000000005
1.6,2.8000000000000003,4.6000000000000005,15.8,11.8,15.620990808897526,-11.200000000000001,22.8,-4.6000000000000005
1.61,3.4000000000000004,3.6,15.8,11.200000000000001,15.600000000000001,-10.0,25.200000000000003,-3.2
1.62,4.4,4.6000000000000005,13.200000000000001,11.0,15.600000000000001,-11.8,28.400000000000002,-4.2
1.6300000000000001,6.2,5.616599133925639,13.600000000000001,9.200000000000001,14.4,-11.200000000000001,32.0,-3.2
1.6400000000000001,7.6000000000000005,3.6,12.4,8.0,14.0,-12.4,33.8696481686675,-4.562527793957042
1.6500000000000001,6.943124650250372,6.2,11.8,8.200000000000001,12.87900966916744,-11.461219770153926,37.648808446007216,-0.2
1.6600000000000001,6.751764601020696,5.0758240456552715,13.600000000000001,8.6,12.200000000000001,-10.8,38.2,-3.440228996202314
1.67,9.8,5.4,10.200000000000001,7.0,8.173909609167726,-13.4,41.60436053498222,-1.0
1.68,10.731252490962405,3.0,11.200000000000001,9.200000000000001,8.8,-11.600000000000001,44.400000000000006,-3.0
1.69,11.0,5.4,10.8,6.800000000000001,7.800000000000001,-11.200000000000001,46.2,-0.8
1.7,12.8,4.2,10.870386000168496,6.0,7.0024397929251085,-11.8,47.2,2.4000000000000004
1.71,10.200000000000001,4.800000000000001,9.4,4.6000000000000005,7.4,-11.4,50.21023636993926,2.419849427323588
1.72,11.93996191828789,3.524860834426927,9.478577467593142,5.6000000000000005,5.0,-10.8,51.400000000000006,2.8000000000000003
1.73,13.8,4.2,11.600000000000001,3.0,4.876664059720205,-12.744597779497887,50.400000000000006,2.2
1.74,13.4,4.800000000000001,9.0,4.0,4.800000000000001,-11.0,54.0,4.6000000000000005
1.75,16.2,4.4,8.0,2.567123546429869,2.6,-10.200000000000001,54.2511415993152,3.8000000000000003
1.76,14.8,5.566286206785407,8.6,2.6716168640087496,3.0,-11.675241801973458,54.800000000000004,4.800000000000001
1.77,18.2,2.565007067166447,8.0,2.4000000000000004,3.2,-11.600000000000001,55.2,7.2
1.78,16.6,4.2,9.4,0.2,0.6312883645779594,-11.4,55.400000000000006,6.206838595499926
1.79,19.6,4.077179178407245,6.800000000000001,-0.8,2.0,-10.4,56.800000000000004,5.6000000000000005
1.8,18.0,3.4000000000000004,7.2,-0.8,-0.2,-9.0,57.2,6.800000000000001
1.81,17.2,2.8000000000000003,5.0,0.6000000000000001,0.2,-8.200000000000001,56.6,8.200000000000001
1.82,20.400000000000002,4.4,5.211243822617777,-0.6347901298703985,-1.9762111564499987,-8.33281132711089,57.0,8.0
1.83,21.5583442222377,5.2,4.800000000000001,-1.8,-1.0552404415918402,-10.0,56.0,8.8
1.84,20.375299297182046,1.2000000000000002,3.5637808201162504,0.05046311447790104,-2.4000000000000004,-10.43651955962634,52.800000000000004,9.8
1.85,23.6,1.6,4.6000000000000005,-1.4000000000000001,-2.2,-10.8,52.72712013015578,11.600000000000001
1.86,24.0,1.2000000000000002,4.4,-2.2,-3.8000000000000003,-8.38425933081614,53.800000000000004,8.8
1.87,22.8,1.541223901987834,4.0,-4.4,-3.2,-5.6000000000000005,50.0,10.962027579849643
1.8800000000000001,23.8,2.8000000000000003,1.8,-3.2,-3.4000000000000004,-8.0,47.2,11.200000000000001
1.8900000000000001,24.0,1.8,2.0,-4.63586589824919,-4.6000000000000005,-7.6000000000000005,50.0,11.069494084933481
1.9000000000000001,25.04660944193001,0.8499776290288057,2.2,-6.2,-5.6000000000000005,-7.6000000000000005,46.6377487985259,11.200000000000001
1.9100000000000001,25.6,0.6000000000000001,1.0663973215356917,-6.2,-5.6000000000000005,-6.589667058513253,43.604618798108746,14.200000000000001
1.92,23.400000000000002,-0.23607138458629692,-0.4,-7.6000000000000005,-7.0,-7.4,41.400000000000006,12.0
1.93,27.154864812622296,0.6000000000000001,2.2,-7.800000000000001,-6.0405348954487375,-6.216599399014758,40.6,12.16107824788157
1.94,27.0,0.45769647678049974,2.8000000000000003,-8.8,-5.800000000000001,-6.4,37.98354199086855,13.600000000000001
1.95,25.0,-0.4,2.4000000000000004,-7.4,-5.019604289698128,-5.2,35.24270842890925,13.0
1.96,27.6,-3.6,1.655071164094019,-9.0,-5.6000000000000005,-5.4,32.0,14.46316658482309
1.97,28.200000000000003,-1.8,0.8,-10.4,-8.00562446394187,-4.4,28.200000000000003,14.8
1.98,24.8,-2.4000000000000004,3.4000000000000004,-9.4,-7.0,-5.4749700922225255,26.6,16.400000000000002
1.99,27.200000000000003,-1.6,2.4000000000000004,-10.668322615552963,-7.400446361647175,-3.0492045982727305,24.8,18.406549107065327
2.0,27.6,-2.8019598557855505,0.4,-10.0,-6.2,-2.8000000000000003,20.0,17.0
2.0100000000000002,27.0,-2.8412382263756197,2.8000000000000003,-11.600000000000001,-8.0,-3.6,18.2,1.9346924820834583
2.02,27.8,-4.2,1.4000000000000001,-13.200000000000001,-6.4,-3.6,13.96259955643038,3.0
2.0300000000000002,26.8,-3.2,2.6,-12.200000000000001,-8.200000000000001,-3.8000000000000003,12.0,1.4000000000000001
2.04,27.0,-3.366442717505497,2.8000000000000003,-12.8,-7.4,-3.4000000000000004,6.800000000000001,4.4533799608540985
2.05,24.400000000000002,-6.6000000000000005,0.6000000000000001,-11.150031592505128,-8.0,-2.2,4.6000000000000005,5.800000000000001
2.06,25.400000000000002,-6.6000000000000005,1.2000000000000002,-10.600000000000001,-8.8,-1.2000000000000002,1.8,7.800000000000001
2.07,27.200000000000003,-5.0,1.5335378018406218,-13.207987777933402,-7.535658050971257,-0.8,2.8632853964343306,9.4
2.08,25.0,-6.34534707785525,1.4000000000000001,-11.8,-6.800000000000001,1.2000000000000002,6.0,10.4
2.09,25.400000000000002,-5.6000000000000005,0.2,-10.600000000000001,-4.800000000000001,-0.8,7.6000000000000005,10.4
2.1,24.0,-6.800000000000001,1.4000000000000001,-13.200000000000001,-7.0,-0.4,9.4,12.0
2.11,24.0,-6.6000000000000005,1.0,-12.200000000000001,-6.2,0.4,10.4,12.446629127074857
2.12,24.627204133030936,-8.4,1.0,-11.8,-6.6000000000000005,0.018395757733374984,13.600000000000001,15.2529559248152
2.13,23.8,-7.6000000000000005,-0.4,-10.600000000000001,-3.6,2.6,12.600000000000001,16.0
2.14,21.6,-8.0,1.0,-11.200000000000001,-4.86284608228657,3.1914196436334534,14.8,18.2
2.15,22.200000000000003,-9.4,3.4698199522851576,-10.600000000000001,-4.2,2.6,14.0,18.2
2.16,23.8,-8.0,1.8,-10.200000000000001,-3.6,3.0,15.030158044530246,16.6
2.17,23.0,-11.200000000000001,1.0,-10.600000000000001,-4.6000000000000005,2.2,15.4,16.6
2.18,21.400000000000002,-9.4,1.8,-8.0,-3.6,3.4000000000000004,14.017624894341642,15.600000000000001
2.19,21.0,-11.200000000000001,2.5785951739528317,-9.8,-2.6,4.2,10.403699247071817,14.200000000000001
2.2,19.400000000000002,-11.200000000000001,3.2,-11.4,-0.440263588791894,2.8000000000000003,10.754041225380883,13.8
2.21,20.8,-9.4,8.771533745415281,-9.8,-2.8000000000000003,4.800000000000001,8.618711193524886,11.822103767302275
2.22,18.329260963133557,-11.8,9.4,-7.6000000000000005,0.8,3.6,9.200000000000001,13.200000000000001
2.23,16.8253185482086,-12.0,13.200000000000001,-7.2174801693903445,1.4000000000000001,3.8000000000000003,7.2,12.4
2.24,15.647155072904834,-10.404777726526069,16.2,-6.800000000000001,-0.05701859143224931,3.2,4.800000000000001,11.433858500211972
2.25,14.8,-12.4,21.200000000000003,-5.6000000000000005,2.237649716120498,4.4,2.435986236856395,12.600000000000001
2.2600000000000002,15.0,-10.4,21.774923097146264,-4.0,4.4,5.6000000000000005,15.200000000000001,11.8
2.27,16.8,-10.8,26.971202930395506,-4.2,2.8000000000000003,2.186213927363028,12.92187035485817,11.200000000000001
2.2800000000000002,17.0,-12.4,28.6,-3.4000000000000004,4.2,5.0,15.0,10.8
2.29,14.600000000000001,-10.8,31.802564028721793,-4.6000000000000005,8.200000000000001,5.4,13.8,9.600000000000001
2.3000000000000003,11.0,-13.8,35.4,-3.4000000000000004,6.6000000000000005,5.0,12.200000000000001,9.065129276826319
2.31,10.8,-11.4,37.4,-1.6,6.800000000000001,3.0,12.378627063626753,9.200000000000001
2.32,10.0,-13.165761715885704,40.6,-1.8,7.4,3.6,12.200000000000001,8.540431735539395
2.33,10.0,-12.600000000000001,42.6,-0.8112187242432228,9.07529276817746,4.800000000000001,10.600000000000001,8.4
2.34,8.6,-12.600000000000001,46.400000000000006,-0.0,10.200000000000001,3.2,12.200000000000001,6.533286055096816
2.35,9.216769271815142,-10.8,47.0,0.0,8.200000000000001,7.6000000000000005,12.0,5.2
2.36,7.6000000000000005,-12.600000000000001,47.800000000000004,2.0,8.8,6.135632464126344,10.8,5.800000000000001
2.37,8.0,-12.0,49.400000000000006,0.4,10.8,3.8000000000000003,11.200000000000001,4.340012102237707
2.38,6.800000000000001,-12.4,52.6,0.8,12.663033728542034,5.575540388039389,12.4,5.2
2.39,6.752222766459982,-12.8,52.6,0.4,13.635728123008889,5.404228888329484,7.6000000000000005,4.259211462829641
2.4,4.0,-12.85094679617191,53.81276379548345,3.4000000000000004,12.600000000000001,4.2,9.0,3.4000000000000004
2.41,4.800000000000001,-11.4,55.6,2.6,14.8,5.4,7.2,2.4000000000000004
2.42,2.3728652822179854,-11.529982051075496,54.800000000000004,5.0,15.523443648666957,2.2,9.8,3.2
2.43,2.4000000000000004,-10.600000000000001,54.800000000000004,4.6000000000000005,15.600000000000001,3.8000000000000003,8.0,2.6
2.44,0.8,-11.4,56.800000000000004,4.6000000000000005,16.6,3.4000000000000004,6.6000000000000005,0.41006947133199373
2.45,1.2000000000000002,-11.200000000000001,55.800000000000004,4.4,17.2,5.6000000000000005,6.6000000000000005,-0.8
2.46,1.6,-10.0,58.0,6.800000000000001,19.0,2.6,7.800000000000001,0.0
2.47,0.8,-11.06456807897902,53.800000000000004,6.4,19.175524939199594,4.0,6.4,0.6000000000000001
2.48,-0.8,-11.8,55.400000000000006,7.4,18.85817888800044,2.4000000000000004,6.2,-2.4000000000000004
2.49,-1.8,-9.200000000000001,55.6,8.200000000000001,21.400000000000002,3.8000000000000003,6.6000000000000005,-1.4000000000000001
2.5100000000000002,-2.4000000000000004,-10.4,53.800000000000004,8.417852205518061,19.8,1.9324308375907857,5.8531942555660255,-3.2
2.52,-1.4000000000000001,-9.4,55.0,8.0,20.0,1.0,5.4,-4.051829554996908
2.5300000000000002,-4.4,-9.8,52.800000000000004,9.8,22.0,1.730671320419515,3.8211537269498854,-2.6
2.54,-3.6,-9.8,50.6,10.8,22.400000000000002,2.4000000000000004,1.2184432701478096,-3.4000000000000004
2.5500000000000003,-3.4000000000000004,-10.444487886564582,50.0,10.8,23.200000000000003,1.8,3.2,-4.800000000000001
2.56,-5.0,-8.0,46.6,11.600000000000001,22.400000000000002,-0.6000000000000001,2.0,-4.4
2.57,-4.4,-11.4,46.800000000000004,12.200000000000001,25.0,-1.0,3.0,-5.257326069065619
2.58,-3.5511709841821983,-6.2,45.588101669987914,11.8,26.200000000000003,-0.4,0.0,-7.800000000000001
2.59,-6.210884497201399,-6.2,42.0,12.162030952839853,24.8,-1.2000000000000002,2.2,-6.800000000000001
2.6,-6.639162456331461,-7.800000000000001,39.800000000000004,15.4,25.400000000000002,-1.4013514586849802,1.2000000000000002,-6.008732231141657
2.61,-6.530769354147914,-4.800000000000001,36.2,15.200000000000001,23.224491240633753,-1.4000000000000001,1.4000000000000001,-7.6000000000000005
2.62,-6.378023222942306,-4.0,34.0,14.4,25.200000000000003,-0.8,1.5565780296196214,-11.200000000000001
2.63,-5.800000000000001,-6.0,33.2,15.600000000000001,25.200000000000003,-2.0,1.0,-10.200000000000001
2.64,-6.2,-5.0,29.200000000000003,14.600000000000001,25.153536211399985,-3.1901996521854623,0.6000000000000001,-8.8
2.65,-7.2,-4.833862437427695,28.58601263315208,15.4,25.400000000000002,-3.4387773592599036,2.2,-10.8
2.66,-9.600000000000001,-3.0,24.0,15.4,25.6,-2.4278773844854977,1.621134197356245,-9.8
2.67,-9.151085646312286,-5.6000000000000005,19.400000000000002,17.400000000000002,24.8,-3.4000000000000004,1.6,-9.4
2.68,-6.800000000000001,-4.0,19.6,17.957963925176724,25.8,-4.4,1.0,-12.200000000000001
2.69,-8.4,-2.8000000000000003,12.837970207140085,1.8,25.200000000000003,-3.2,1.2457840107672817,-12.600000000000001
2.7,-6.676079698414992,-2.6,10.600000000000001,1.7973502751005248,27.0,-3.4000000000000004,1.0,-13.0
2.71,-6.825706146693904,-3.0,7.800000000000001,4.4,26.6,-3.8000000000000003,-0.8,-11.200000000000001
2.72,-7.806576495618721,-1.2000000000000002,4.800000000000001,5.2,26.400000000000002,-5.0,-0.4,-12.549482551054306
2.73,-8.200000000000001,-2.0,0.4,8.125701339111474,26.994637941546973,-6.152500732073818,0.8,-12.4
2.74,-7.4,-1.6555595199566158,1.1204844061244679,8.8,25.0,-6.0,-1.0,-13.200000000000001
2.75,-6.7860125513382785,-0.6149311468518941,4.6000000000000005,9.8,25.8,-6.800000000000001,0.8,-12.600000000000001
2.7600000000000002,-8.200000000000001,-1.0067622355363035,6.800000000000001,10.622855902859394,26.400000000000002,-9.200000000000001,0.0,-12.8
2.77,-5.6000000000000005,-0.6000000000000001,9.200000000000001,10.05165505251955,24.200000000000003,-7.140922236160139,0.8,-14.0
2.7800000000000002,-5.6000000000000005,-1.0,8.471501833848688,12.600000000000001,22.53406690106321,-9.4,1.2000000000000002,-13.0
2.79,-5.6000000000000005,3.0029742812073206,11.200000000000001,15.8,23.6,-8.42796341013435,-1.0,-11.351171724870145
2.8000000000000003,-5.249604498164779,-0.07347207239110225,12.8,15.4,25.0,-8.6,1.2000000000000002,-10.8
2.81,-3.6,1.6,11.600000000000001,15.200000000000001,22.6,-6.823085669714711,0.3842810215780019,-12.200000000000001
2.82,-5.4,3.0,14.0,17.8,22.6,-10.0,-1.4000000000000001,-12.0
2.83,-4.4,0.2,15.234309384981792,16.2,21.8,-8.8,0.4,-11.4
2.84,-3.6,2.355056971196381,14.8,15.8,21.8,-9.600000000000001,1.3491347432548877,-9.200000000000001
2.85,-3.6003274315649305,2.0,14.033160404573346,16.436386686664733,20.400000000000002,-9.200000000000001,0.6000000000000001,-11.600000000000001
2.86,-2.57029994116965,4.2,14.4,16.2,19.403328245851615,-10.600000000000001,0.4,-11.200000000000001
2.87,-3.4000000000000004,1.6492421201939234,14.4,14.200000000000001,20.0,-11.747147750835047,0.9323638813272365,-9.4
2.88,-1.6246598309292761,2.0,12.200000000000001,13.8,19.400000000000002,-10.324186479774223,3.0009113066317497,-8.4
2.89,-0.8,3.0496967447311656,8.387514138593374,12.4,20.200000000000003,-10.8,6.629417374903993,-8.4
2.9,-0.7693692475139106,2.8000000000000003,10.074525891462125,13.0,18.400000000000002,-10.8,8.8,-9.14379950896896
2.91,2.0,3.0,5.6000000000000005,10.600000000000001,16.6,-11.600000000000001,12.8,-6.4
2.92,1.8,5.800000000000001,3.8000000000000003,11.8,16.2,-11.8,18.400000000000002,-6.800000000000001
2.93,2.0,4.0,2.9200517170689304,11.600000000000001,17.0,-10.828705088752473,19.8,-5.6000000000000005
2.94,2.2,3.2,15.0,9.200000000000001,15.0,-11.0,22.94602228174876,-4.0
2.95,2.0,3.8000000000000003,13.600000000000001,9.4,13.600000000000001,-12.8,25.0,-6.356968842654234
2.96,3.8000000000000003,4.6000000000000005,14.532237025618565,9.795088398071174,14.0,-12.200000000000001,28.200000000000003,-6.2
2.97,5.2,4.772801080280696,13.4,9.0,12.4,-13.4,31.0,-3.2701408304536517
2.98,5.800000000000001,3.8000000000000003,11.4,8.61046245045039,12.8,-11.600000000000001,34.800000000000004,-5.4
2.99,6.0,3.0,11.600000000000001,8.4,12.0,-11.8,37.800000000000004,-3.2
3.0,9.200000000000001,4.6000000000000005,11.8,5.800000000000001,9.600000000000001,-11.0,38.587430979992746,-2.764773295322484
3.0100000000000002,9.4,4.6000000000000005,11.8,7.6000000000000005,11.8,-11.600000000000001,41.210982913463106,-1.2000000000000002
3.02,8.8,4.0,10.8,6.0,9.0,-12.200000000000001,43.2,-1.8
3.0300000000000002,10.582344646459497,5.793787897829959,9.0,5.124188925104618,5.6000000000000005,-9.8,46.2,0.0
3.04,11.995114144379484,5.2,9.8,3.4000000000000004,8.0,-12.0,47.744937347824546,-1.0
3.0500000000000003,12.0,4.6000000000000005,10.600000000000001,4.4,4.2,-11.75380374860478,49.0,-0.5969661935367904
3.06,12.200000000000001,4.0,9.600000000000001,4.6000000000000005,7.0,-14.003249220980033,51.6,1.2362259541193974
3.0700000000000003,11.4,6.0,10.200000000000001,3.8000000000000003,5.2,-11.4,52.400000000000006,1.8
3.08,13.8,2.9493524684367385,9.600000000000001,3.2659766033376654,4.2,-9.63780351269683,52.1631823924975,2.6
3.09,14.0,3.6,6.6000000000000005,2.0092900088282826,3.4000000000000004,-11.600000000000001,54.0,4.4
3.1,14.8,3.6,7.2,1.8,3.4000000000000004,-11.0,54.6,4.800000000000001
3.11,15.8,4.2,8.200000000000001,0.2,1.4641645516296262,-10.600000000000001,54.400000000000006,4.397485238341449
3.12,16.6,4.2,7.6000000000000005,0.8,1.2000000000000002,-9.570914368550978,55.6,5.4
3.13,17.2,2.0,7.2,-0.4,0.6000000000000001,-10.600000000000001,57.21734614177378,5.4
3.14,16.941486864091562,2.6,7.2,-1.6,-3.0,-12.605991939706305,57.2,6.797366248175555
3.15,17.2,3.4515423824674993,7.0,-0.22937454250716455,-0.2,-10.600000000000001,56.800000000000004,6.6000000000000005
3.16,20.42420393056989,2.0,3.6,-3.2,-0.8,-9.83709400968016,56.2,6.2
3.17,22.0,2.0,4.6000000000000005,-1.6,-1.6,-9.600000000000001,55.236003830498966,6.6000000000000005
3.18,21.0,2.4000000000000004,5.2,-2.0,-2.473804984586086,-10.200000000000001,53.6,8.940181545758476
3.19,20.400000000000002,1.0,5.0,-3.8000000000000003,-1.6,-10.200000000000001,53.82175894469471,8.200000000000001
3.2,23.0,1.8,5.448650288502704,-2.8000000000000003,-3.8000000000000003,-9.8,50.400000000000006,11.064836038662396
3.21,24.6,2.0730693954632704,4.800000000000001,-5.0,-4.4,-9.4,50.2,8.4
3.22,24.200000000000003,0.9666164576410409,4.0,-5.6000000000000005,-5.4,-8.8,50.400000000000006,11.4
3.23,24.8,2.0,2.0,-6.800000000000001,-7.2,-8.0,47.2,10.200000000000001
3.24,22.6,1.0,2.8381921409815556,-6.033026827162257,-5.2,-7.800000000000001,46.400000000000006,11.600000000000001
3.25,23.555884110083742,-0.2,3.6,-7.6000000000000005,-6.6000000000000005,-8.200000000000001,43.43418147397607,10.600000000000001
3.2600000000000002,25.8,-0.8,2.6,-8.0,-8.4,-8.6,42.2,10.600000000000001
3.27,23.6,1.0,1.2000000000000002,-7.800000000000001,-6.800000000000001,-6.800000000000001,37.800000000000004,14.4
3.2800000000000002,24.6,-1.8,2.2,-8.4,-7.2,-7.0,38.21304071662001,13.0
3.29,25.6,-1.8,0.963416879386299,-7.6000000000000005,-7.6000000000000005,-4.800000000000001,33.2,14.979939481027076
3.3000000000000003,26.252616020647537,-2.4000000000000004,1.0151615808205896,-8.6,-7.4,-5.0,30.400000000000002,14.0
3.31,25.400000000000002,-2.0,0.605128456189562,-9.4,-9.200000000000001,-5.262843256976938,30.253733265821413,16.2
3.3200000000000003,25.8,-0.6000000000000001,-0.6000000000000001,-10.8,-6.800000000000001,-5.941287293789618,26.0,15.4
3.33,26.200000000000003,-2.954889931655147,1.8,-11.600000000000001,-7.581777355987313,-6.2,22.852277755339436,15.200000000000001
3.34,25.8,-4.0,0.8,-11.8,-6.8427035683201805,-4.4,21.647399605416712,17.6
3.35,25.6,-3.8000000000000003,1.0043383590645747,-12.8,-8.6,-3.8000000000000003,17.612073299541095,1.4000000000000001
3.36,26.0,-5.800000000000001,1.4000000000000001,-13.0,-7.6000000000000005,-5.4,13.4,2.4131798547760552
3.37,25.400000000000002,-5.0,0.2,-12.4,-9.8,-2.8000000000000003,10.4,2.8000000000000003
3.38,26.8,-3.6,1.6,-13.200000000000001,-8.6,-2.7394131514514206,8.479060832310093,2.6
3.39,26.008550939367513,-5.0,0.6152898087018736,-13.174454706310435,-9.200000000000001,-5.068006119053793,3.0,4.6000000000000005
3.4,25.400000000000002,-4.800000000000001,0.8,-11.4,-7.4,-2.8000000000000003,2.126257922210976,6.2
3.41,25.200000000000003,-5.4,-2.4000000000000004,-13.600000000000001,-8.4,-2.4000000000000004,2.4000000000000004,8.0
3.42,26.200000000000003,-7.4,1.0789976475220306,-13.4,-7.6000000000000005,-2.4000000000000004,4.2,10.600000000000001
3.43,24.400000000000002,-5.2,-0.2,-11.0,-6.800000000000001,-0.4,8.200000000000001,10.600000000000001
3.44,25.200000000000003,-9.4,0.4,-12.8,-7.0,1.4000000000000001,9.600000000000001,9.953145002630063
3.45,25.400000000000002,-7.6000000000000005,0.0,-11.0,-7.321538388451383,0.4,8.8,10.8
3.46,24.200000000000003,-10.4,0.0,-13.4,-4.2,0.8,11.751304495984783,14.0
3.47,21.8,-10.42361773820318,0.6000000000000001,-12.18650737430367,-5.269583724687434,-0.2,12.0,15.4
3.48,22.400000000000002,-8.0,1.2000000000000002,-11.600000000000001,-3.2,1.426143259297319,14.8,17.6
3.49,21.6,-10.0,2.2,-12.8,-5.4,1.0,16.2,15.600000000000001
3.5100000000000002,20.6,-8.4,1.0,-9.600000000000001,-4.181233378706578,1.6,15.04942036688246,15.0
3.52,22.400000000000002,-12.0,0.4,-11.200000000000001,-3.2389806899585376,1.2000000000000002,13.600000000000001,16.400000000000002
3.5300000000000002,21.200000000000003,-10.279578572548088,0.4779751909116579,-9.600000000000001,-1.2000000000000002,0.6000000000000001,14.600000000000001,16.6
3.54,17.6,-11.600000000000001,1.8,-10.4,-0.6000000000000001,3.4000000000000004,12.8,12.8
3.5500000000000003,19.609641079938434,-11.0,3.8000000000000003,-7.6000000000000005,-2.0,2.8000000000000003,11.600000000000001,13.4
3.56,18.265996243586194,-9.4,5.477069071077595,-8.200000000000001,-1.6,2.6,9.8,14.600000000000001
3.5700000000000003,19.200000000000003,-9.4,9.200000000000001,-5.800000000000001,-0.2,5.0,8.652206803027443,14.0
3.58,16.8,-10.8,13.200000000000001,-6.2,1.6,2.4000000000000004,6.651000451398571,11.600000000000001
3.59,17.2,-13.200000000000001,16.2,-6.0,1.2000000000000002,4.2,2.2,13.0
3.6,16.400000000000002,-13.0,18.807789502551525,-7.2,2.2,5.800000000000001,2.4596342297695073,11.4
3.61,14.600000000000001,-11.8,22.200000000000003,-5.649945187644346,3.8000000000000003,4.2,14.200000000000001,11.4
3.62,13.600000000000001,-12.8,25.8,-5.4,4.4,2.8000000000000003,14.4,9.379022223785578
3.63,15.8,-11.600000000000001,28.8,-4.6000000000000005,5.2,5.0,11.600000000000001,10.0
3.64,13.4,-10.584043563745437,31.200000000000003,-3.8000000000000003,5.6000000000000005,3.6,13.600000000000001,8.0
3.65,12.200000000000001,-13.4,34.800000000000004,-4.4,7.2,3.6,12.8,8.0
3.66,12.600000000000001,-13.4,36.800000000000004,-3.014412941291077,5.4,3.4000000000000004,12.8,7.6000000000000005
3.67,12.4,-13.600000000000001,37.77089502286438,-2.4000000000000004,9.600000000000001,6.0,10.200000000000001,7.659292387709518
3.68,11.4,-12.814336215454519,40.800000000000004,-2.7718109815653604,9.200000000000001,4.0,10.200000000000001,9.200000000000001
3.69,7.546784433809519,-12.4,43.2,-0.4323752425958321,8.8,3.6,9.200000000000001,8.75353589843471
3.7,8.200000000000001,-12.600000000000001,45.2,-0.4,11.06119409000767,5.6000000000000005,10.8,5.2
3.71,7.2,-11.600000000000001,46.400000000000006,0.8,10.200000000000001,2.8000000000000003,9.8,6.6000000000000005
3.72,8.4,-12.0,48.400000000000006,1.0,11.73950876789425,4.346012388898393,9.600000000000001,3.4000000000000004
3.73,6.4,-12.4,51.400000000000006,-0.6000000000000001,12.788680418048656,3.6,8.0,4.352976898134767
3.74,3.6048375484604267,-12.200000000000001,50.800000000000004,0.8,13.749657847194038,4.800000000000001,7.800000000000001,2.8000000000000003
3.75,2.4000000000000004,-12.200000000000001,52.6,3.8000000000000003,13.4,3.6,5.987617269772187,2.4000000000000004
3.7600000000000002,5.0,-12.200000000000001,55.2,3.6,15.4,2.6,6.800000000000001,5.0
3.77,2.6,-12.600000000000001,54.6,1.6,14.84791099558187,4.0,7.069093363509845,1.4000000000000001
3.7800000000000002,1.781152801671342,-13.0,57.6,4.4,16.8,3.2,6.553467276531918,0.6000000000000001
3.79,0.8746118520159484,-11.4,57.400000000000006,3.6,16.8,4.4,6.800000000000001,-0.4
3.8000000000000003,-0.4,-12.0,53.800000000000004,2.8000000000000003,15.600000000000001,3.4000000000000004,7.2,-0.8
3.81,-0.2,-10.600000000000001,54.800000000000004,7.201484251611612,17.376230970611427,5.2,5.4,-2.0
3.8200000000000003,-0.0,-11.0,55.800000000000004,6.2,19.6,2.4000000000000004,6.2,-0.8383201423572016
3.83,-1.6,-10.8,55.0,7.0,19.149874111752993,3.8000000000000003,6.0,-1.4000000000000001
3.84,-1.2000000000000002,-9.4,55.6,5.960780683382114,21.400000000000002,2.0,6.0,-1.8
3.85,-2.0,-11.600000000000001,54.6,6.531469041334453,19.6,2.023411212827136,4.800000000000001,-2.8000000000000003
3.86,-2.4000000000000004,-8.200000000000001,51.6,6.800000000000001,22.0,2.6,4.0,-4.0
3.87,-3.6,-11.8,53.2,10.4,21.8,0.6000000000000001,2.4000000000000004,-4.6000000000000005
3.88,-4.6000000000000005,-7.800000000000001,52.6,7.800000000000001,22.03614417089226,2.4652187509696595,3.4000000000000004,-4.4
3.89,-6.0,-8.8,47.800000000000004,11.600000000000001,21.6,1.6,2.2,-5.0
3.9,-4.4,-9.200000000000001,47.2,9.600000000000001,23.400000000000002,1.4000000000000001,3.6,-6.188054225929234
3.91,-5.4,-9.8,45.40961760614974,10.0,22.6,1.2000000000000002,2.0,-6.396689884635755
3.92,-6.4,-8.6,45.0,11.600000000000001,23.400000000000002,0.4,1.2000000000000002,-5.2
3.93,-7.6000000000000005,-7.800000000000001,43.01963015893547,11.600000000000001,24.200000000000003,0.2,2.4000000000000004,-5.4
3.94,-5.6000000000000005,-7.0,38.800000000000004,13.0,24.45075477085301,0.4,0.2,-8.051948479697934
3.95,-7.2,-5.4,36.4,12.600000000000001,26.0,-1.2000000000000002,0.6000000000000001,-9.200000000000001
3.96,-5.4,-6.4,35.4,13.600000000000001,22.6,-1.8,2.6,-9.0
3.97,-9.600000000000001,-5.800000000000001,31.400000000000002,13.782119323147848,25.393983277979146,-1.6,1.0699117582472173,-8.4
3.98,-7.4,-5.4,28.969830090997775,16.03713236315648,25.400000000000002,-2.438365649564455,1.8,-10.200000000000001
3.99,-9.153165752504313,-5.6000000000000005,27.0,16.2,25.8,-2.0,2.2,-10.369284956655836
4.0,-8.6,-5.0,23.821244146395,16.354216069120024,25.400000000000002,-1.4000000000000001,0.2090685631400184,-11.93479359534443
4.01,-8.158799861659352,-4.558650395760775,20.200000000000003,17.8,27.0,-4.6243313227557135,1.5462214515449357,-13.0
4.0200000000000005,-7.4,-3.4000000000000004,15.600000000000001,17.640720546141957,25.8,-4.0,0.4,-11.600000000000001
4.03,-7.800000000000001,-5.0,14.219519083766299,0.6000000000000001,26.200000000000003,-5.2,2.6,-12.248187379626835
4.04,-8.64734058301845,-4.2,11.4,1.6,26.8,-4.6000000000000005,2.0377723371140855,-11.8
4.05,-8.6,-2.7601977471779606,8.0,2.2,26.0,-5.0,1.3673406824484058,-14.0
4.0600000000000005,-9.600000000000001,-4.0,2.6,3.627118773786612,24.6,-5.6000000000000005,1.6,-10.600000000000001
4.07,-8.4,-2.4000000000000004,1.4000000000000001,5.6000000000000005,25.180615904361435,-4.800000000000001,-0.04472678669831986,-12.200000000000001
4.08,-8.4,-2.6,0.0645554259730605,7.800000000000001,25.400000000000002,-5.6000000000000005,2.4000000000000004,-14.172327387925982
4.09,-6.2,-1.2000000000000002,0.4,8.6,23.6,-7.0,-0.25246795684907275,-11.4
4.1,-7.6000000000000005,0.0,4.800000000000001,10.0,24.400000000000002,-6.0,1.0,-12.8
4.11,-7.242028280664263,-1.3286350009404002,5.800000000000001,9.600000000000001,24.6,-7.4,-0.07529514975421904,-12.386178465453051
4.12,-6.2,0.2,8.758016582055266,12.4,26.400000000000002,-8.200000000000001,1.4000000000000001,-12.8
4.13,-4.800000000000001,0.0,9.200000000000001,12.8,24.400000000000002,-9.0,2.4423446421541373,-12.427369766313607
4.14,-4.4,-0.2,11.63161757212695,14.801179259216743,23.8,-9.752779206531477,1.0,-12.4
4.15,-3.0,0.5900510414254958,11.4,16.475432907969452,25.0,-9.200000000000001,1.0,-14.0
4.16,-6.2,2.1972019045681135,13.200000000000001,16.0,23.400000000000002,-8.962340193161069,0.6000000000000001,-11.600000000000001
4.17,-4.2,0.9840648491807813,14.600000000000001,17.0,23.0,-8.4,0.7978406836585992,-11.8
4.18,-4.0,2.8000000000000003,16.2,16.6,21.400000000000002,-11.600000000000001,0.2,-11.0
4.19,-5.2,1.6,13.992121819695061,16.8,20.0,-8.0,2.2,-10.0
4.2,-4.0,0.6000000000000001,13.600000000000001,14.8,21.0,-11.0,1.4000000000000001,-10.200000000000001
4.21,-1.2753310676173075,2.2,13.600000000000001,14.600000000000001,22.0,-10.8,0.2,-9.4
4.22,-1.0,1.2000000000000002,12.0,14.200000000000001,21.0,-11.014615154487133,3.4765971435146894,-10.600000000000001
4.23,-0.4,2.6,10.600000000000001,13.0,19.400000000000002,-11.600000000000001,9.4,-9.4
4.24,0.22216565791079296,2.8000000000000003,9.200000000000001,12.4,17.400000000000002,-11.600000000000001,9.990283451342128,-8.0
4.25,-1.2000000000000002,5.2,6.140786507950151,11.86134632729066,15.821143070780336,-11.600000000000001,14.4,-7.2
4.26,0.0,5.167510220323635,3.8000000000000003,11.8,16.024223454230267,-11.8,15.600000000000001,-6.4
4.2700000000000005,1.4000000000000001,3.8000000000000003,2.5705892277301405,13.0,16.2,-10.200000000000001,19.854936087765857,-4.781147101014134
4.28,3.4000000000000004,5.0,12.0,10.600000000000001,14.8,-12.544232307315584,21.8,-5.800000000000001
4.29,3.6,3.6,11.8,10.600000000000001,15.625719263301797,-10.200000000000001,24.8,-4.800000000000001
4.3,5.0,2.6,14.929164325511525,9.600000000000001,12.164121222715085,-11.600000000000001,29.074895141285594,-4.6000000000000005
4.3100000000000005,6.7793336610941095,4.800000000000001,14.171093253096375,8.8,12.870608395618477,-13.8,30.200000000000003,-4.4
4.32,4.2,4.6000000000000005,12.0,8.410108195172016,11.4,-13.200000000000001,32.52359393113991,-3.6
4.33,6.4,3.4000000000000004,11.0,8.6,12.4,-13.4,37.0,-3.8464145778867254
4.34,7.2,3.6220547543855957,12.4,7.209244779972902,10.954151079638997,-12.600000000000001,38.2,-2.346567226649288
4.3500000000000005,7.4,5.4,12.200000000000001,6.6000000000000005,9.0,-11.132706323546993,40.800000000000004,-2.0764460661569952
4.36,9.4,2.8000000000000003,10.0,6.0,9.779865324142111,-11.8,41.400000000000006,-1.4000000000000001
4.37,12.600000000000001,5.052485882074008,10.331042183564238,4.6000000000000005,6.565391030773712,-13.600000000000001,44.0,-2.4000000000000004
4.38,9.600000000000001,3.9452497079271867,8.468071208943648,6.2,5.6000000000000005,-11.4,47.2,-0.2
4.39,12.0,5.0,9.200000000000001,4.0,5.6000000000000005,-13.600000000000001,48.6,-0.4
4.4,11.200000000000001,5.2,9.0,5.4,3.868979761307072,-13.200000000000001,51.2,1.0
4.41,11.200000000000001,3.4770942924416035,8.936279353068757,3.5644434081865706,4.800000000000001,-11.200000000000001,50.73685102250398,0.4
4.42,13.200000000000001,3.0,10.600000000000001,4.2,4.0,-11.207577017845187,52.57565820316509,2.2
4.43,14.769926511099895,5.4,6.800000000000001,2.0,3.0,-11.200000000000001,53.800000000000004,2.4000000000000004
4.44,15.600000000000001,3.8294091781815878,9.200000000000001,1.0,3.252539222796529,-12.0,54.400000000000006,2.6
4.45,17.8,4.0448177625969555,6.6000000000000005,2.2,1.2000000000000002,-11.8,55.800000000000004,4.2
4.46,17.0,4.4,6.0,-0.0,-0.15019649003426155,-12.8,54.400000000000006,4.800000000000001
4.47,17.400000000000002,2.4000000000000004,7.4,1.2000000000000002,-0.4,-11.4,56.400000000000006,4.800000000000001
4.48,19.0,4.0,5.2,0.0,-1.4000000000000001,-11.8,57.05921859004357,6.0
4.49,19.021924996081744,3.479816733743473,4.6000000000000005,0.4,-1.679246386899981,-11.200000000000001,54.800000000000004,5.6000000000000005
4.51,19.400000000000002,4.0,5.850774617674174,-2.6,-1.0,-8.4,55.6,7.01073007628385
4.5200000000000005,19.8,3.8000000000000003,5.2,-1.4000000000000001,-4.0,-10.200000000000001,55.0,7.2
4.53,21.200000000000003,2.2,3.8000000000000003,-3.532768253193835,-3.2,-11.4,54.6,6.800000000000001
4.54,21.8,2.6006450394526257,5.664980225659122,-5.800000000000001,-2.4000000000000004,-8.6,53.0,7.6000000000000005
4.55,21.400000000000002,1.6,3.0,-3.0,-2.8000000000000003,-8.200000000000001,53.2,9.971004829100707
4.5600000000000005,23.85259001844105,1.4000000000000001,1.4000000000000001,-4.6000000000000005,-5.2,-7.800000000000001,52.6,11.0
4.57,23.6,-0.2,1.4000000000000001,-4.2,-2.8000000000000003,-9.4,49.6,10.8
4.58,24.200000000000003,0.1314066010497433,1.0,-5.6000000000000005,-6.4,-8.8,47.800000000000004,10.0
4.59,22.8,-1.6,1.4000000000000001,-6.2,-5.970255919966669,-9.600000000000001,45.6,12.600000000000001
4.6000000000000005,23.400000000000002,-0.4,2.7948272892791737,-5.2,-7.44315620877941,-6.4,42.2,12.4
4.61,25.8,0.8464466763102277,-1.0,-7.2,-6.2,-7.4,40.0,12.600000000000001
4.62,25.8,-0.2,2.2,-8.4,-4.0,-8.6,38.05407207148219,14.600000000000001
4.63,23.6,-1.2000000000000002,-0.2,-8.6,-5.4,-5.273687743583377,37.0,12.600000000000001
4.64,25.541284727358914,-1.8,-0.0,-8.8,-6.6000000000000005,-7.2,34.0,14.8
4.65,26.400000000000002,-2.6,-0.2,-12.4,-8.200000000000001,-6.4,33.0,13.600000000000001
4.66,24.6,-3.4000000000000004,-0.0,-9.600000000000001,-8.0,-6.800000000000001,26.200000000000003,14.4
4.67,26.8,-2.0,0.2,-9.4,-6.725160918849073,-6.6000000000000005,25.778677603853634,18.2
4.68,25.866985832624955,-4.800000000000001,0.4,-11.4,-7.2,-4.6000000000000005,23.35198464491858,16.66101771518785
4.69,27.400000000000002,-5.2,0.8,-12.200000000000001,-8.0,-5.2,20.8,18.6
4.7,25.72548339665541,-3.1406774355821745,-1.6713718054397517,-12.0,-8.0,-5.6000000000000005,16.8,0.7998986028865329
4.71,24.400000000000002,-4.2,0.4153257093481231,-10.8,-7.0,-2.6,14.0,2.0
4.72,26.400000000000002,-4.800000000000001,1.0,-12.0,-6.800000000000001,-2.8000000000000003,10.600000000000001,2.248398086283342
4.73,24.6,-5.0,0.4,-12.200000000000001,-9.4,-0.9984896035124595,7.6000000000000005,5.2
4.74,25.0,-3.65401645598298,0.2,-12.8,-7.6000000000000005,-2.8000000000000003,3.8000000000000003,5.4
4.75,23.535217014437624,-6.0,-0.0,-13.600000000000001,-7.0,-2.0,2.6,6.867811255176186
4.76,24.454100502259518,-6.276138012505194,1.6,-12.4,-8.0,-1.4000000000000001,3.2,7.800000000000001
4.7700000000000005,26.200000000000003,-4.800000000000001,1.0,-12.4,-5.995079774714325,-1.1616508064739457,5.0,9.173495928234189
4.78,24.8,-7.4,0.2,-14.4,-7.2,-0.6000000000000001,6.0,10.600000000000001
4.79,24.0,-6.0,0.9575629414010318,-13.136651432788716,-5.4,-0.8,8.4,12.0
4.8,23.0,-10.200000000000001,1.4000000000000001,-11.4,-6.6000000000000005,-2.0,11.8,13.200000000000001
4.8100000000000005,23.79883261229081,-9.600000000000001,-0.8,-12.761270892399773,-5.6000000000000005,0.4,9.200000000000001,12.8
4.82,23.07028077668334,-9.4,0.9482653445875138,-15.0,-5.2,0.9552057187964372,13.0,16.2
4.83,25.0,-8.4,-0.4,-10.8,-3.4000000000000004,0.4,13.648371341090547,16.8
4.84,22.200000000000003,-7.658268211691731,1.8106822223761097,-13.0,-3.8000000000000003,3.6,14.600000000000001,13.600000000000001
4.8500000000000005,22.200000000000003,-10.200000000000001,-0.4,-12.0,-4.4,0.9359088512970533,14.61550633424995,14.600000000000001
4.86,20.6,-9.0,0.37702118317405553,-9.859538869602929,-3.789647519776009,1.1656343429691227,15.600000000000001,15.200000000000001
4.87,20.6,-8.0,0.8,-11.0,-3.2,2.4000000000000004,13.600000000000001,16.400000000000002
4.88,20.393864479454596,-9.0,-1.4000000000000001,-11.767416647352608,-2.2,2.6,12.600000000000001,15.200000000000001
4.89,18.468179677752925,-11.200000000000001,1.0,-9.0,-2.6,1.0,12.4,13.4
4.9,19.158340740100915,-10.200000000000001,6.0,-7.800000000000001,-1.2000000000000002,3.521853902188218,11.600000000000001,13.200000000000001
4.91,18.2,-11.028165373743976,11.200000000000001,-8.639501767356224,1.0,2.6,9.0,14.0
4.92,15.0,-12.132115034018327,12.600000000000001,-7.649790432872837,1.6,4.4,7.325056074774389,11.600000000000001
4.93,17.400000000000002,-11.200000000000001,16.43686057229544,-8.200000000000001,-0.6000000000000001,3.8000000000000003,4.248674549235269,10.600000000000001
4.94,16.400000000000002,-12.4,16.0,-7.4,-0.022962748028271904,3.4344754767468086,2.4000000000000004,12.0
4.95,15.4,-12.0,23.0,-6.2,1.8,5.0,15.600000000000001,11.8
4.96,13.818631939642973,-13.679605248988132,25.6,-4.6000000000000005,1.4000000000000001,3.4000000000000004,14.200000000000001,9.4
4.97,16.0,-14.0,28.6,-4.6000000000000005,2.8000000000000003,2.6,13.0,10.0
4.98,12.279114880471322,-12.600000000000001,30.8,-3.2,5.2,2.7433709385156235,13.0,8.860854697051428
4.99,9.0,-12.151392336683701,32.2,-1.9585261295132872,5.605876899568386,4.4,13.600000000000001,7.836204628491932
5.0,11.8,-13.600000000000001,35.4,-2.2,4.6399579500198636,6.0,13.273113738617488,9.0
5.01,10.180170049289226,-11.943223242206168,37.6,-3.926442729880502,8.4,4.2,10.8,6.5373079035372745
5.0200000000000005,8.200000000000001,-12.600000000000001,41.41460016885261,-2.2,7.6000000000000005,5.0,11.600000000000001,7.4
5.03,8.6,-12.0,42.800000000000004,-0.6000000000000001,8.200000000000001,4.6000000000000005,10.8,6.136627191803407
5.04,7.800000000000001,-11.8,45.800000000000004,-1.0,10.600000000000001,4.0,10.200000000000001,5.4
5.05,6.4,-11.200000000000001,47.400000000000006,-1.8,10.809907224655092,2.6,11.200000000000001,4.4
5.0600000000000005,6.4,-11.950231627831522,50.400000000000006,-0.2,11.200000000000001,4.4,9.126733918663897,3.4000000000000004
5.07,5.800000000000001,-12.86684570309701,50.2,-1.4000000000000001,11.4,5.0,8.6,3.6
5.08,4.6000000000000005,-12.17132960018308,51.2,1.2000000000000002,13.4,4.6000000000000005,7.7657397764504035,2.8000000000000003
5.09,3.0,-10.0,52.6,1.2000000000000002,13.222602062382672,3.6,8.05111439613567,2.8000000000000003
5.1000000000000005,3.6,-11.200000000000001,50.800000000000004,2.2,14.0,3.4000000000000004,7.013543949229817,0.8507752625302256
5.11,0.7202327495214208,-12.0,54.0,4.1374249159990555,13.8,3.0357838435347277,6.6000000000000005,1.4000000000000001
5.12,2.0,-12.0,55.652694603795425,2.4000000000000004,17.0,2.8000000000000003,6.0,1.4000000000000001
5.13,1.2000000000000002,-12.4,55.0,3.4000000000000004,18.0,3.4000000000000004,5.800000000000001,-0.2
5.14,0.0,-12.727375420240126,55.2,3.6,17.400000000000002,2.9575276788139124,5.4,0.6000000000000001
5.15,-1.0,-9.600000000000001,55.2,6.4,17.400000000000002,3.4000000000000004,6.0,0.0
5.16,-2.469751647122874,-10.660741957036448,57.0,7.0,19.6,1.8,3.4000000000000004,-2.6050694256632068
5.17,-2.4000000000000004,-12.200000000000001,55.2,6.800000000000001,19.8,2.4000000000000004,4.2,-2.6
5.18,-3.2,-10.8,54.2,7.4,19.400000000000002,2.2,4.4,-3.8000000000000003
5.19,-4.0,-9.074930912285481,56.0,6.4,21.595594892472786,1.4000000000000001,5.2,-2.6
5.2,-4.800000000000001,-10.600000000000001,51.400000000000006,8.4,20.634623953715653,2.0,3.4000000000000004,-3.4007759566447873
5.21,-2.8000000000000003,-10.600000000000001,50.800000000000004,7.5462361690190445,20.263929442734142,0.4,3.0,-5.800000000000001
5.22,-4.0,-9.200000000000001,49.2,9.200000000000001,22.0,2.2787299374052306,2.6,-5.4
5.23,-2.7425504634325266,-8.4,48.0,9.4,23.6,1.2000000000000002,0.4,-5.0
5.24,-5.4,-9.200000000000001,48.400000000000006,9.8,22.928168191985755,1.0,2.678296995945676,-5.800000000000001
5.25,-5.4,-8.940214554929291,44.12934173818721,11.0,22.200000000000003,0.005087261130680323,2.0,-5.2
5.26,-6.6000000000000005,-7.6000000000000005,43.35758704715603,12.15507751814638,23.400000000000002,-0.6733857830397569,1.8,-8.137400553805653
5.2700000000000005,-5.2,-8.776811253055488,41.6,13.8,25.33716744490907,-1.3563713796005368,3.2,-7.6000000000000005
5.28,-7.20129829837525,-8.0,39.6,13.200000000000001,24.8,-2.0,-1.0,-9.200000000000001
5.29,-6.4,-7.2,35.800000000000004,15.4,24.8,-3.0,-1.2000000000000002,-8.535391466104214
5.3,-7.4,-5.800000000000001,34.4,14.0,24.8,-1.8,1.0,-9.461967042450139
5.3100000000000005,-5.9941250882579675,-6.6000000000000005,30.8,16.074065772067115,26.200000000000003,-1.6143855607791207,-0.0,-9.600000000000001
5.32,-8.6,-5.2,28.400000000000002,15.200000000000001,26.42969745832055,-3.8000000000000003,-0.8,-10.8
5.33,-7.0,-4.2,24.400000000000002,15.600000000000001,24.0,-1.8,-0.0,-10.200000000000001
5.34,-8.4,-5.6000000000000005,21.200000000000003,15.8,26.380432706443298,-5.0,-0.4,-12.200000000000001
5.3500000000000005,-9.200000000000001,-1.3765703254815118,19.8,16.831423726946188,26.200000000000003,-3.0,2.0664804806402217,-13.200000000000001
5.36,-8.4,-2.8000000000000003,18.8,17.6,27.16505895007898,-5.2,2.4000000000000004,-12.4
5.37,-10.600000000000001,-3.9256909713716333,12.8,-1.3714739265085223,25.6,-3.2,-1.4000000000000001,-10.82021626832887
5.38,-7.3520918232518895,-4.0,10.0,2.0,26.8,-4.0,-1.2000000000000002,-14.200000000000001
5.39,-7.5501473586011905,-3.956837506625728,7.4,1.2000000000000002,26.0,-2.4000000000000004,-0.6000000000000001,-13.8
5.4,-6.4,-1.4000000000000001,4.6000000000000005,4.6000000000000005,24.400000000000002,-6.182828593874943,-0.6000000000000001,-12.4
5.41,-9.0,-2.4000000000000004,1.2000000000000002,5.800000000000001,26.400000000000002,-8.200000000000001,-0.6000000000000001,-11.600000000000001
5.42,-8.6,-3.8000000000000003,0.8,8.0,26.0,-8.200000000000001,-0.0,-12.4
5.43,-9.0,-3.616408818298412,2.2,7.000804288020813,24.200000000000003,-6.800000000000001,-0.25147655258786716,-13.4
5.44,-7.203612590722327,-1.4000000000000001,5.2,8.0,25.0,-7.0,-1.2000000000000002,-12.136763716916937
5.45,-7.6000000000000005,-1.0,6.800000000000001,11.4,26.400000000000002,-8.200000000000001,-0.8,-12.200000000000001
5.46,-7.800000000000001,-1.6102654212319454,8.200000000000001,10.600000000000001,23.6,-7.4,1.6278445223423061,-13.348823304264966
5.47,-6.2,-2.0,10.8,11.8,24.400000000000002,-7.4,-0.2,-12.0
5.48,-5.0,-2.0,11.81071834944413,14.4,22.14857492535398,-7.927805884345928,-0.2,-12.8
5.49,-5.542710275717059,-0.4,11.8,15.4,22.200000000000003,-8.997236836504724,-1.3754740831879544,-14.36463858863426
5.51,-5.805052006665653,0.2,12.200000000000001,17.0,23.200000000000003,-10.0,-0.4,-12.8
5.5200000000000005,-3.6,1.5431508767961293,12.200000000000001,17.0,22.200000000000003,-8.8,1.0,-12.8
5.53,-4.6000000000000005,1.2000000000000002,13.0,16.606015325268945,21.200000000000003,-8.551299781587714,0.8,-10.4
5.54,-4.0,2.6,13.860868517191275,15.4,22.6,-10.8,1.0,-12.663685247396348
5.55,-2.5719965801001576,2.4000000000000004,14.200000000000001,14.8,19.400000000000002,-11.600000000000001,-1.2000000000000002,-11.200000000000001
5.5600000000000005,-3.4000000000000004,2.6,12.200000000000001,14.200000000000001,19.6,-9.600000000000001,-1.2000000000000002,-9.8
5.57,-1.0,3.4000000000000004,11.4,13.766427720470293,19.6,-10.8,3.8000000000000003,-7.0
5.58,-2.2,1.2000000000000002,10.200000000000001,11.8,17.400000000000002,-11.0,6.800000000000001,-7.0
5.59,-1.4000000000000001,2.2,6.650149067650116,13.4,18.2,-9.8,9.0,-8.4
5.6000000000000005,-1.2000000000000002,5.368647978703792,5.6000000000000005,12.94472768572505,18.0,-13.600000000000001,13.4,-7.3806088694070615
5.61,1.6,1.2000000000000002,2.828725014229701,12.0,16.2,-12.200000000000001,14.4,-6.6000000000000005
5.62,2.8000000000000003,3.0,1.4000000000000001,11.444844068873346,14.8,-11.8,17.400000000000002,-7.786903775734084
5.63,1.9253378929698475,3.991264594477065,14.0,9.4,14.4,-10.200000000000001,20.200000000000003,-6.2
5.64,3.4000000000000004,1.7617736682845195,13.4,8.4,11.4,-12.4,25.137737164728833,-4.2
5.65,3.9420799018978725,3.0,12.0,10.0,14.200000000000001,-13.0,27.8,-4.800000000000001
5.66,4.800000000000001,5.866539655703076,13.0,8.6,12.8,-12.4,30.0,-2.6
5.67,4.0,4.121888427778951,12.41185152565993,8.200000000000001,11.4,-12.0,32.4,-4.4
5.68,5.4,3.4139235343488594,12.0,7.6000000000000005,9.200000000000001,-11.600000000000001,38.2,-3.4000000000000004
5.69,7.6000000000000005,4.2,11.4,7.2,11.200000000000001,-11.4,37.800000000000004,-2.8000000000000003
5.7,8.8,3.6,10.021033477920392,7.0,8.8,-14.8,41.734323029863205,-3.6
5.71,9.4,5.800000000000001,9.200000000000001,5.595310841740836,9.0,-13.600000000000001,42.400000000000006,-0.65325327022903
5.72,9.200000000000001,3.0,10.354177240338535,3.1609613905055673,7.6000000000000005,-12.031553149233458,44.2,-1.4000000000000001
5.73,10.8,3.6,10.0,5.2,5.2,-12.600000000000001,47.800000000000004,-0.4
5.74,9.200000000000001,2.6,9.200000000000001,4.6000000000000005,7.211621804283405,-12.4,49.0,-0.6000000000000001
5.75,9.65622720596058,3.6,10.815230910003073,2.2,6.2,-13.4,49.6,2.2
5.76,11.0,3.6,7.800000000000001,1.8,5.2,-12.365676633049162,52.21111105872651,2.4000000000000004
5.7700000000000005,16.0,5.0,8.200000000000001,3.221244972856403,3.975605183294498,-12.864108319302208,54.6,1.8438174063574297
5.78,16.0,2.6,7.6000000000000005,2.8000000000000003,1.6,-12.0,52.400000000000006,1.0
5.79,13.200000000000001,4.0,7.0,-1.4000000000000001,3.0,-11.8,54.400000000000006,3.6
5.8,15.200000000000001,3.4000000000000004,5.4,1.0,3.601273732177822,-11.8,54.2,4.4
5.8100000000000005,15.8,1.2000000000000002,5.799001854284562,-0.2,0.8,-11.8,54.0,2.9699163175885994
5.82,18.2,2.2,6.581509516965852,-0.4464865231902022,0.0,-12.0,54.2,4.419300115676489
5.83,18.2,2.0,5.800000000000001,-1.0,-2.0,-9.937064151206021,56.78447570082941,5.0
5.84,17.770098947568684,4.243457300645801,5.6000000000000005,-2.4017957883034167,-3.6,-10.200000000000001,53.2,6.6000000000000005
5.8500000000000005,19.400000000000002,2.8000000000000003,3.8000000000000003,-1.6,-2.6,-11.048040414822571,55.007271346433484,5.977893677729023
5.86,20.200000000000003,2.2,5.0,-3.449564784531384,-1.3266302034857897,-10.0,53.2,7.6000000000000005
5.87,18.2,-2.6,2.4000000000000004,-2.6,-2.0,-8.6,55.0,6.4
5.88,21.173559030495138,-0.6000000000000001,3.0,-3.0,-4.0,-11.231691274443948,52.0,6.800000000000001
5.89,21.200000000000003,1.8371374394362525,1.8,-5.4,-4.0,-10.726686098986173,50.758212552785494,10.13350323409679
5.9,20.6,1.6,4.0,-5.958452577899634,-6.2,-9.600000000000001,51.400000000000006,7.603967182794228
5.91,21.6,-0.2,2.0,-5.6000000000000005,-5.4,-9.200000000000001,49.2,8.769062901688905
5.92,23.0,0.2,2.4620368827342456,-4.6000000000000005,-6.55867717669347,-9.655165825234882,47.2,10.8
5.93,23.226078591542233,-0.2,1.4000000000000001,-7.428671696177326,-6.4,-8.0,45.609066085627795,10.0
5.94,23.200000000000003,-0.4,1.2000000000000002,-7.800000000000001,-6.9526478609162625,-8.4,41.78134324828868,10.600000000000001
5.95,23.414806104116792,-1.4000000000000001,-0.8,-7.6000000000000005,-7.4,-7.0,41.400000000000006,11.600000000000001
5.96,24.200000000000003,-0.5770027265393552,-0.2,-7.800000000000001,-6.4,-8.439294438482888,38.262006002879,10.200000000000001
5.97,22.8,-0.6000000000000001,-1.1472934840404672,-8.6,-5.800000000000001,-8.187171312288621,36.368973866025954,14.0
5.98,26.400000000000002,-3.0,-0.6000000000000001,-9.60932816614015,-8.260128335509917,-7.2,34.0,13.600000000000001
5.99,24.33315018250384,-3.8000000000000003,-0.2,-10.4,-6.828003148992498,-6.6000000000000005,29.6,13.200000000000001
6.0,25.400000000000002,-3.81434632086441,-1.2677222944397892,-10.35921900238262,-9.600000000000001,-7.0,28.6,12.731410080535616
6.01,26.8,-3.2,-1.6,-14.600000000000001,-8.6,-5.5230889601311555,25.0,13.8
6.0200000000000005,26.400000000000002,-3.3330436427671466,-1.4000000000000001,-9.974464582186714,-10.0,-6.0,21.0,14.0
6.03,25.6,-3.4000000000000004,0.47771671065220983,-12.6160474852522,-9.0,-3.0,19.0,16.400000000000002
6.04,25.24252240548024,-3.6,-0.6000000000000001,-12.8,-8.063002324476342,-4.6000000000000005,16.0,-0.0
6.05,25.200000000000003,-4.627368585924725,-1.6,-11.0,-7.6000000000000005,-3.8000000000000003,13.4,1.6
6.0600000000000005,23.6,-5.2,-0.4,-13.8,-9.32503665117535,-5.0,7.25933352866017,2.951761426574815
6.07,23.8,-4.2,0.4,-10.668635519961615,-8.200000000000001,-2.8000000000000003,6.800000000000001,4.2
6.08,25.200000000000003,-6.2,-0.4,-12.200000000000001,-7.2,-3.8000000000000003,2.6,6.4
6.09,24.400000000000002,-6.0,-1.8432025275243846,-12.532542881067076,-7.2,-1.6,0.6000000000000001,7.4
6.1000000000000005,23.0,-6.6000000000000005,-0.4,-12.4,-7.800000000000001,-3.6,2.0,8.4
6.11,24.618755588721555,-7.6000000000000005,-1.2000000000000002,-13.8,-8.4,-1.8,3.8000000000000003,9.0
6.12,24.8,-7.800000000000001,-0.0,-14.600000000000001,-8.200000000000001,-0.4,5.800000000000001,10.8
6.13,24.8,-6.800000000000001,-0.6000000000000001,-14.200000000000001,-8.0,-0.8,8.200000000000001,10.8
6.140000000000001,23.8,-8.559978539794571,-0.2,-12.0,-6.970849981578688,-0.8,10.382398778040564,12.4
6.15,22.25685309645707,-9.200000000000001,-2.0,-14.0,-7.4,1.0,10.0,15.619016923070546
6.16,23.200000000000003,-10.0,-0.2,-14.8,-5.4,-0.8,11.812506542179513,14.600000000000001
6.17,22.405679505607836,-9.0,-0.6000000000000001,-13.200000000000001,-5.4,-0.8,14.4,15.8
6.18,20.6,-10.331735844512252,-1.2000000000000002,-12.0,-5.0,-0.4,13.0,15.8
6.19,20.0,-9.8,-0.44554569802529553,-12.0,-6.6000000000000005,-0.0,13.8,15.200000000000001
6.2,21.400000000000002,-10.259458620332875,-0.6000000000000001,-10.8,-4.0,1.6,12.0,14.600000000000001
6.21,20.200000000000003,-11.200000000000001,-0.3289894005893242,-9.8,-4.076922585999319,1.2000000000000002,10.96582032643356,14.8
6.22,19.6,-12.4,-1.4000000000000001,-9.8,-0.8,2.8000000000000003,10.849454232041552,14.200000000000001
6.23,18.8,-12.4,2.3911683884749872,-10.0,-3.6,2.6306271159305474,10.0,14.4
6.24,18.58629197375737,-12.328467032316944,3.6,-9.8,-2.0,2.538270412001613,10.200000000000001,14.93622111990145
6.25,16.8,-12.755834767800483,8.648858352574992,-8.0,-0.6000000000000001,0.8,8.6,11.8
6.26,16.6,-11.600000000000001,12.0,-7.800000000000001,-1.4000000000000001,3.4000000000000004,3.6,11.533994614568341
6.2700000000000005,16.6,-10.0,16.8,-8.4,2.2,4.2,3.0,9.200000000000001
6.28,15.200000000000001,-12.8,18.0,-5.800000000000001,2.9960807714913815,3.2,2.0,9.200000000000001
6.29,13.8,-12.8,22.966112364643827,-6.2787319718069075,1.0,2.4000000000000004,13.200000000000001,9.8
6.3,13.0,-13.200000000000001,25.45970737856893,-5.2,2.0,1.8,14.4,9.8
6.3100000000000005,13.0,-12.0,27.0,-5.800000000000001,5.4,4.6000000000000005,13.200000000000001,9.4
6.32,9.600000000000001,-12.4,30.0,-3.6,5.6000000000000005,3.8000000000000003,11.854983448641564,9.071043451044936
6.33,13.0,-13.0,31.6,-5.800000000000001,4.6000000000000005,2.4000000000000004,11.600000000000001,9.0
6.34,10.4,-14.200000000000001,34.6,-2.0,6.2,4.2,11.249448060354789,8.8
6.3500000000000005,10.200000000000001,-14.0,37.85316876245944,-4.962464937205428,5.2,3.8000000000000003,10.0,6.337203740659427
6.36,9.600000000000001,-13.0,39.6,-3.928735361303699,9.600000000000001,5.4,11.4,5.2
6.37,8.379414473235723,-12.8,43.0,-1.8,8.200000000000001,3.0,10.8,6.180169556529529
6.38,6.0,-13.200000000000001,44.800000000000004,-2.030932631377544,9.600000000000001,4.2,10.0,5.800000000000001
6.390000000000001,5.4,-12.4,46.2,-1.2000000000000002,8.8,5.0,9.422373835597986,4.4
6.4,4.2,-14.200000000000001,48.40311658745866,-0.8,9.4,4.2,7.800000000000001,3.6
6.41,6.0,-12.600000000000001,49.6,-0.6000000000000001,11.8,3.6,8.8,2.6
6.42,2.6,-12.58134533391341,50.6,1.2000000000000002,13.962164101848133,3.2,8.0,2.541345742477358
6.43,2.6,-13.8,51.0,1.4000000000000001,12.4,3.2,9.4,2.8000000000000003
6.44,3.72070702819936,-13.220256207100007,54.6,2.8000000000000003,12.600000000000001,2.8000000000000003,5.768765455569341,0.8
6.45,0.6000000000000001,-11.8,54.232808953576445,2.6,14.8,2.6,5.800000000000001,0.2
6.46,1.2000000000000002,-13.600000000000001,54.400000000000006,2.5320707768111075,16.8,4.2,4.6000000000000005,1.0
6.47,1.0,-9.8,53.800000000000004,4.4,15.200000000000001,4.0,5.6000000000000005,-1.0
6.48,-0.4,-11.4,57.2,2.3599272032834593,16.406393416202732,3.4396987443680547,3.6,-0.6000000000000001
6.49,-1.0,-11.735317531971239,54.0,2.170146925934178,18.2,2.788194474325813,6.2218381279628865,-1.2000000000000002
6.51,-1.2000000000000002,-11.872953130205774,54.67424450576135,3.8000000000000003,18.7485852298355,2.4000000000000004,5.6000000000000005,-1.8
6.5200000000000005,-0.6000000000000001,-10.600000000000001,54.3923272703884,5.6000000000000005,18.400000000000002,0.4,4.0,-2.92971694524124
6.53,-4.0,-11.4,52.400000000000006,6.800000000000001,20.32909687850107,2.4000000000000004,2.6,-1.2000000000000002
6.54,-4.0,-11.21090735112872,53.400000000000006,4.392211245166381,20.371708405164533,1.6,1.8,-3.2
6.55,-3.67363452437685,-9.0,52.39907277994725,7.604038254653385,20.400000000000002,0.0,2.2,-4.6000000000000005
6.5600000000000005,-5.0,-10.600000000000001,49.800000000000004,7.800000000000001,21.8,2.0,3.0735218683867056,-4.4
6.57,-5.800000000000001,-9.8,50.2,8.8,22.200000000000003,0.4,1.2237416566052204,-3.4000000000000004
6.58,-4.800000000000001,-10.4,47.0,7.43605283990159,20.8,1.0787726305376901,3.4730228812036237,-5.800000000000001
6.59,-8.459006171955094,-9.0,46.0,12.464146431124728,23.767281137712757,0.4,2.6,-4.80301417607945
6.6000000000000005,-5.6000000000000005,-8.4,43.800000000000004,10.4,23.200000000000003,-1.2000000000000002,0.8,-8.200000000000001
6.61,-5.331274018117934,-6.800000000000001,43.2,9.8,24.6,0.02059472962095961,-0.2,-8.4
6.62,-7.539095914825243,-9.158938576386547,41.0,11.594366973134804,23.6,-1.7948870567851773,-0.8,-10.200000000000001
6.63,-9.0,-9.200000000000001,37.0,13.600000000000001,24.03471417355702,-3.1908375749795446,1.1687328724387367,-6.662220921261797
6.640000000000001,-7.800000000000001,-7.6000000000000005,35.2,11.4,24.6,-1.2000000000000002,-1.2000000000000002,-11.0
6.65,-7.800448583200804,-7.6000000000000005,32.6,11.600000000000001,25.0,-2.0,0.4,-9.600000000000001
6.66,-10.200000000000001,-6.6000000000000005,31.200000000000003,13.600000000000001,26.200000000000003,-2.6,-0.4,-8.6
6.67,-8.6,-5.800000000000001,27.0,14.200000000000001,25.200000000000003,-2.2,0.2,-10.0
6.68,-6.800000000000001,-3.6,24.8,15.600000000000001,24.795927817457525,-4.6000000000000005,-1.4000000000000001,-11.156989369211898
6.69,-7.6000000000000005,-6.0,21.6,17.0,26.0,-4.800000000000001,-0.8,-10.8
6.7,-8.4,-7.150217529206853,18.43564860034781,16.8,25.400000000000002,-5.4,-0.5446398286931351,-13.155074145966891
6.71,-8.651168577053463,-4.847635440427072,17.400000000000002,15.239412549678839,28.0,-5.2,-1.2000000000000002,-12.600000000000001
