Time,L_PWM,R_PWM,L_Force_kg,R_Force_kg,L_Hip_Joint,L_Hip_Vert,L_Knee,L_Ankle,R_Hip_Joint,R_Hip_Vert,R_Knee,R_Ankle
0.0,1.2000000000000002,143.4,77.5,138.3,-9.700000000000001,-4.800000000000001,13.600000000000001,1.0,25.53502400275958,-3.3000000000000003,-1.0,-14.700000000000001
0.01,5.0,129.0,82.2,139.3,-7.0,-1.540518222483794,10.3,1.3,26.6,-3.8000000000000003,1.4000000000000001,-11.100000000000001
0.02,10.600000000000001,118.2,85.7,137.1,-8.794754927436514,-4.4,7.4,1.7000000000000002,26.8,-5.2,2.1,-13.5
0.03,15.200000000000001,93.2,93.80000000000001,136.6,-6.945965424126763,-3.3000000000000003,2.5,3.9000000000000004,25.27561851152858,-4.4,-0.5,-10.5
0.04,24.0,79.2,101.9,131.9,-7.5,-2.2373640775027788,0.6559030576837654,4.1000000000000005,24.700000000000003,-4.6000000000000005,-1.6,-11.802816705835243
0.05,28.8,65.4,110.60000000000001,127.10000000000001,-9.1,-4.0,0.4,5.1000000000000005,24.900000000000002,-6.5,2.0,-14.8
0.06,41.800000000000004,49.800000000000004,113.7,120.0,-8.1,-2.4000000000000004,1.9000000000000001,6.300000000000001,23.8,-9.200000000000001,-0.19170550080585846,-12.600000000000001
0.07,55.800000000000004,36.4,126.4,111.10000000000001,-9.5,-3.2,4.0,9.5,24.510096128396583,-6.6225291232026855,-1.4000000000000001,-12.644588605342411
0.08,72.4,25.8,128.8,105.4,-7.0,-2.031932887181908,6.6000000000000005,11.200000000000001,21.900000000000002,-7.5,1.2000000000000002,-12.0
0.09,94.0,16.6,130.6,99.60000000000001,-9.0,-0.9,6.5,9.3,22.400000000000002,-7.7,0.8,-14.4
0.1,116.80000000000001,12.0,135.6,95.5,-7.0,-0.7296346665635052,9.2977234957834,15.0,23.200000000000003,-9.0,-0.6000000000000001,-12.3
0.11,138.8,8.4,141.6,88.5,-5.674778797302869,-0.2,12.3,13.3,22.1,-6.800000000000001,1.6,-11.314224670726551
0.12,156.8,7.6000000000000005,142.6,85.2,-3.5,1.5,13.200000000000001,17.0,21.3,-6.5,2.1,-10.8
0.13,174.0,1.8,138.6,75.4,-4.1000000000000005,2.5,15.5,17.8,21.498031887720018,-8.0,1.8,-11.4
0.14,186.60000000000002,0.0,136.70000000000002,3.4000000000000004,-3.2,3.7,14.5,17.900000000000002,21.729057729345076,-9.8,1.6855099763066463,-12.700000000000001
0.15,198.20000000000002,0.0,130.0,3.0,-3.6,1.3,11.8,14.600000000000001,22.319724129894112,-10.100000000000001,-1.0,-10.4
0.16,198.4,0.2,128.9,0.0,-3.6,3.2,14.200000000000001,13.0,21.8,-10.4,0.18796834700992066,-9.8
0.17,199.0,1.8,119.0,0.0,-4.1000000000000005,2.4000000000000004,12.3,13.3,22.3,-10.700000000000001,2.2,-10.600000000000001
0.18,186.20000000000002,0.8,114.80000000000001,0.0,-1.7670715504254975,0.4,9.700000000000001,14.4,20.026963183590325,-10.9,-0.30000000000000004,-10.8
0.19,170.4,0.0,109.0,0.5,-2.8000000000000003,0.6000000000000001,10.5,15.8,19.5,-10.3,2.1,-10.100000000000001
0.2,150.8,0.4,99.60000000000001,3.5,-3.259288039585925,2.1,8.200000000000001,12.167320622904775,18.3,-9.9,6.300000000000001,-7.1000000000000005
0.21,127.80000000000001,0.0,94.2,0.0,-0.30000000000000004,5.1000000000000005,9.4,13.092902259248923,17.7,-9.385826978438914,7.5,-7.0
0.22,107.2,2.2,90.30000000000001,0.0,1.3,3.3000000000000003,7.127038749263454,12.0,19.700000000000003,-12.500128815231562,13.0,-7.6000000000000005
0.23,86.80000000000001,0.0,81.2,3.0,-0.30000000000000004,2.1,4.0,12.4,16.900000000000002,-12.4,13.808245718705683,-7.2
0.24,68.2,0.0,76.3,0.0,1.2000000000000002,3.9000000000000004,3.6,9.1,16.2,-10.687617559868166,20.5,-8.5
0.25,50.6,0.0,72.3,2.6,0.9,1.5,14.600000000000001,12.669491722774426,13.700000000000001,-13.0,20.1,-5.9
0.26,39.0,0.6000000000000001,67.60000000000001,0.9,3.7045734086170645,2.3000000000000003,12.8,9.700000000000001,14.8,-13.4,26.0,-6.7
0.27,28.6,0.8,65.5,0.0,5.1000000000000005,2.7,11.004224160625359,9.687600784112993,14.4,-13.200000000000001,27.112158905934823,-4.5
0.28,17.8,0.0,65.10000000000001,1.5,3.8000000000000003,3.6,10.84510630297229,7.9,14.200000000000001,-12.4,29.5,-2.6857685502799855
0.29,16.2,0.0,62.900000000000006,0.0,5.7,5.2,10.700000000000001,7.7996687771010125,12.778794312960322,-10.306418388100651,33.5,-4.7
0.3,5.2,0.0,62.7,0.0,6.800000000000001,5.1000000000000005,12.600000000000001,9.4,11.100000000000001,-12.496903695969687,36.4,-2.7
0.31,4.800000000000001,0.0,58.1,0.0,9.700000000000001,3.5,10.200000000000001,8.085990088970204,10.3,-12.0,38.6,-1.185375295269912
0.32,3.2,0.0,60.900000000000006,0.1,8.200000000000001,5.1000000000000005,11.8,7.7,9.620435629408911,-13.751160375098232,41.2,-1.5
0.33,0.4,1.4000000000000001,61.7,0.6000000000000001,9.200000000000001,5.5,11.3,6.1000000000000005,9.0,-11.100000000000001,43.800000000000004,-1.9000000000000001
0.34,0.0,0.0,58.2,1.2000000000000002,9.700000000000001,4.9,12.0,5.315704427407271,9.600000000000001,-11.3,42.6,-0.6000000000000001
0.35000000000000003,0.6000000000000001,0.2,59.800000000000004,0.0,10.600000000000001,4.6000000000000005,10.555477167920422,3.7,8.6,-12.9,47.0,1.069519383231332
0.36,0.0,0.0,56.2,0.0,13.600000000000001,2.0,9.8,2.9000000000000004,7.4,-13.117068714499204,46.900000000000006,0.8
0.37,0.0,2.0,57.5,0.0,11.200000000000001,2.4000000000000004,7.4,4.7,8.1,-11.0,48.6,1.1
0.38,0.0,1.8,60.800000000000004,0.8,11.295258003490176,3.1,6.6000000000000005,5.0,1.710580587425962,-12.4,50.0937321965582,3.0
0.39,0.0,1.2000000000000002,59.0,0.0,11.700000000000001,0.1,7.4,0.9,3.6,-12.828354722651568,50.300000000000004,2.8000000000000003
0.4,0.0,0.8,63.0,1.5,16.2,4.800000000000001,8.779115554329568,2.9000000000000004,3.4000000000000004,-12.3,53.6,1.275300520630988
0.41000000000000003,0.0,0.0,60.0,0.0,14.5,2.9000000000000004,8.8,2.0,1.7956680456045757,-11.4,52.300000000000004,4.1000000000000005
0.42,0.2,0.0,61.0,0.9,17.7,5.6000000000000005,7.300000000000001,3.4000000000000004,0.8,-10.605150555716929,55.5,5.098669813788245
0.43,0.0,0.0,57.300000000000004,1.6,16.737613715453207,5.300000000000001,6.4,1.9000000000000001,-0.9,-11.0,57.300000000000004,3.0
0.44,0.0,1.6,59.300000000000004,0.0,16.400000000000002,3.4000000000000004,5.4,0.8,0.1,-10.8,57.6,2.4000000000000004
0.45,0.4,0.2,58.6,0.4,19.200000000000003,4.7,5.6000000000000005,-1.2000000000000002,0.9,-11.200000000000001,54.400000000000006,4.422861052271222
0.46,0.0,1.4000000000000001,58.0,0.0,17.400000000000002,3.6,5.1000000000000005,-3.2,0.1,-10.497567948939095,54.10075492421895,6.1000000000000005
0.47000000000000003,5.2,2.0,61.900000000000006,0.0,19.400000000000002,1.7000000000000002,5.7,-1.1564082195911563,-2.4000000000000004,-10.941437116375628,56.1,8.035279810300246
0.48,2.2,0.0,62.400000000000006,0.0,20.1,1.3,3.8000000000000003,-2.4000000000000004,-1.9000000000000001,-10.469402797782143,54.7,6.300000000000001
0.49,5.4,0.0,62.400000000000006,0.0,21.400000000000002,3.0,4.7,-2.5,-1.1,-8.200000000000001,53.800000000000004,8.6
0.51,8.200000000000001,0.2,61.5,0.0,20.900000000000002,2.6,2.9000000000000004,-4.015185065235304,-5.1000000000000005,-9.50779472123051,51.400000000000006,5.0
0.52,12.200000000000001,0.0,64.3,0.0,23.1,3.5,3.8000000000000003,-3.4000000000000004,-4.0,-9.700000000000001,52.0,9.3
0.53,21.0,0.0,63.0,0.0,22.200000000000003,-0.7000000000000001,3.672071810763979,-2.4000000000000004,-4.0,-9.8,51.6,9.200000000000001
0.54,28.200000000000003,1.8,70.3,0.30000000000000004,20.700000000000003,2.1,3.2,-3.3144260486163515,-4.800000000000001,-11.3,48.1,12.8
0.55,39.0,0.4,69.3,1.7000000000000002,24.6,-0.6000000000000001,2.7,-6.300000000000001,-4.212165630963185,-5.808681316616897,48.0,8.5
0.56,52.0,0.0,73.10000000000001,0.0,24.1,0.8,2.3000000000000003,-6.576169752939774,-7.4,-5.300000000000001,45.800000000000004,11.4
0.5700000000000001,66.0,0.0,79.60000000000001,0.0,23.0,0.6000000000000001,1.7000000000000002,-8.9,-7.2,-6.784116015531675,42.800000000000004,9.658648484804093
0.58,84.80000000000001,1.4000000000000001,85.4,0.0,21.900000000000002,1.6,1.4000000000000001,-7.596940906847892,-5.616839996920458,-8.4,41.449325575674585,11.9
0.59,104.80000000000001,0.0,90.4,0.0,21.789869681906815,-2.4000000000000004,-3.0,-7.5,-8.700000000000001,-3.5,37.9,11.100000000000001
0.6,116.60000000000001,0.8,95.0,0.0,24.8,-1.7000000000000002,1.3,-8.9,-6.0,-8.072675566665136,37.800000000000004,16.400000000000002
0.61,134.6,1.2000000000000002,106.2,0.0,27.400000000000002,-1.2000000000000002,-1.6,-9.600000000000001,-6.7,-5.6000000000000005,33.0,13.8
0.62,146.0,0.0,107.30000000000001,0.0,25.900000000000002,-2.3000000000000003,1.426762220176359,-9.4,-6.5,-7.7,30.945714795803458,14.600000000000001
0.63,157.0,1.0,115.4,1.2000000000000002,26.0,0.2,4.2,-6.207116056037926,-8.149032563869717,-7.800000000000001,29.900000000000002,15.3
0.64,160.4,0.0,123.2,0.30000000000000004,26.8,-1.6,1.7023793068484008,-8.3,-7.133044144869322,-4.5,25.3,14.642561991567222
0.65,159.60000000000002,0.2,127.2,0.0,29.1,-2.1,1.1,-9.600000000000001,-9.200000000000001,-4.0,21.900000000000002,17.8
0.66,153.20000000000002,0.0,135.70000000000002,0.0,26.900000000000002,-2.1,0.26383442113530065,-10.9,-8.34410217877766,-3.9000000000000004,20.200000000000003,17.900000000000002
0.67,142.20000000000002,3.6,134.20000000000002,77.80000000000001,24.400000000000002,-4.2,0.7000000000000001,-12.700000000000001,-8.200000000000001,-2.2514059730221865,18.6,1.3
0.68,128.4,6.4,140.8,81.80000000000001,25.5,-5.9,0.4,-13.9,-9.4,-3.932648030150475,14.120731707202431,-0.25722683374540256
0.6900000000000001,113.2,9.4,139.3,89.5,25.700000000000003,-5.300000000000001,-1.1,-14.200000000000001,-7.865164245737033,-2.5,10.4,3.7
0.7000000000000001,94.0,12.4,137.70000000000002,92.2,24.015544312523456,-6.025773819078945,0.2,-13.3,-9.363991112958493,-3.7,8.1,5.2
0.71,78.4,21.400000000000002,130.5,98.10000000000001,26.611536225640094,-4.800000000000001,-0.7000000000000001,-12.9,-7.1000000000000005,-0.5,4.5,5.350793374209798
0.72,64.60000000000001,30.8,127.0,108.80000000000001,25.200000000000003,-4.024453997103651,0.7785593263461429,-12.168619181154352,-4.9,0.7000000000000001,1.6661479526938985,8.700000000000001
0.73,49.400000000000006,43.400000000000006,120.30000000000001,112.4,24.387216109981853,-6.9,0.6000000000000001,-11.4,-7.565380666331074,-0.7154444316546424,4.9,9.5
0.74,37.6,58.800000000000004,114.5,118.9,26.058688993756608,-7.4,1.5,-11.200000000000001,-6.0682080235646225,0.5,6.2859960083987545,8.6
0.75,29.200000000000003,76.4,107.5,127.2,25.3,-6.304428365451247,0.4,-12.200000000000001,-8.1,-0.7331742731263486,7.538308822408682,11.700000000000001
0.76,18.0,93.2,100.10000000000001,132.70000000000002,24.5,-8.1,0.5,-11.66089639328086,-7.2,-0.1,9.1,11.700640957567531
0.77,12.8,115.60000000000001,94.80000000000001,138.0,22.8,-8.0,0.2,-12.4,-5.6000000000000005,0.9,10.59235659161792,13.3
0.78,7.800000000000001,137.20000000000002,88.10000000000001,137.70000000000002,22.6,-8.4,0.2,-12.700000000000001,-7.1000000000000005,0.4380855028227259,11.945536764937629,15.4
0.79,3.8000000000000003,158.0,81.4,142.3,24.3,-11.200000000000001,0.1,-13.4,-4.800000000000001,-1.8,12.9,13.600000000000001
0.8,1.4000000000000001,175.8,77.30000000000001,136.1,23.15214155386707,-8.200000000000001,-0.4,-11.5,-4.4,-0.3951506761337817,12.498830178325903,16.508714426404133
0.81,1.8,191.0,1.3,135.9,21.5,-10.200000000000001,-0.2,-12.200000000000001,-4.127866954647203,1.1352440095705285,14.036176913420512,16.3
0.8200000000000001,0.0,197.60000000000002,1.2000000000000002,133.1,19.8,-9.099042680917396,0.9,-9.0,-4.4,2.6,13.4,16.605371342912346
0.8300000000000001,3.8000000000000003,202.60000000000002,0.0,128.9,20.5,-10.119112079187365,0.6022659322996375,-10.700000000000001,-1.5,1.9000000000000001,15.4,15.8
0.84,1.2000000000000002,195.8,0.0,114.60000000000001,21.200000000000003,-10.3,2.0,-9.890941339395281,-1.3008213825489325,1.9000000000000001,15.153537889952801,16.400000000000002
0.85,0.0,184.4,0.0,118.7,19.700000000000003,-7.859270358007928,2.2,-8.6,-3.1592156228031607,0.6485225291047351,14.700000000000001,16.3
0.86,1.4000000000000001,169.60000000000002,0.0,105.80000000000001,18.900000000000002,-9.794686027666105,1.849612898125365,-7.7,-2.374021820595294,5.505020668083447,12.593416369479279,14.8
0.87,0.0,152.8,0.0,99.80000000000001,18.400000000000002,-9.3,7.386429235741538,-7.0,-4.4,3.261815181919072,9.4,13.81157716575282
0.88,2.4000000000000004,128.0,0.4,92.30000000000001,18.400000000000002,-10.4,10.9,-5.4,-2.1,1.2000000000000002,7.5,13.3
0.89,0.0,106.80000000000001,0.9,90.4,18.7,-10.100000000000001,11.600000000000001,-6.231489672724449,-0.34981797140456394,4.5,6.7,15.100000000000001
0.9,0.0,88.2,0.0,83.30000000000001,17.1,-10.471252307196659,17.1,-6.5,-0.2,5.5,3.3000000000000003,12.100000000000001
0.91,0.0,71.2,0.0,80.60000000000001,16.400000000000002,-10.857576216757916,20.6,-6.503371411099803,1.3,4.7,3.0,12.900335128186294
0.92,0.0,54.2,3.1,72.7,15.39282377405354,-10.0,21.400000000000002,-5.4,5.2,5.286126772089668,16.120026185074916,12.600000000000001
0.93,0.0,38.800000000000004,2.1,71.4,14.3,-11.333686488542421,25.3,-2.9000000000000004,5.9,6.853618929726867,17.2,13.4
0.9400000000000001,0.0,29.0,0.5,64.2,15.198120157482336,-8.807212551628437,28.700000000000003,-5.799562933785188,4.3,6.1000000000000005,15.9,11.5
0.9500000000000001,1.8,19.400000000000002,2.1,64.4,14.23226782681899,-10.5,31.900000000000002,-4.6000000000000005,6.7,5.9,13.200000000000001,9.1
0.96,3.2,9.8,0.4,64.7,15.0,-13.10667895982854,32.800000000000004,-3.3000000000000003,7.4,2.9000000000000004,12.0,9.279380691376668
0.97,0.0,8.0,2.2,62.400000000000006,12.5,-12.0,37.865682609733966,-3.5,7.300000000000001,1.3,12.8,8.3
0.98,2.4000000000000004,4.2,0.2,61.5,10.4,-11.4,36.499706652579164,-2.4000000000000004,7.4,5.4,11.100000000000001,8.05957043861607
0.99,0.0,4.800000000000001,0.0,59.2,9.1,-11.8,42.900000000000006,0.8,8.9,4.134930094693625,9.3,5.5708379410588655
1.0,0.4,1.6,0.9,62.1,10.491441164991148,-11.114552774956167,44.08101863772331,-1.106779264288914,9.89594265764038,4.0,13.936356453234325,7.7
1.01,0.0,0.0,3.3000000000000003,62.5,7.6000000000000005,-10.9,44.7,0.27624318788653845,8.9,6.5,10.9,6.224025511378798
1.02,0.4,0.0,2.1,61.1,8.700000000000001,-13.5,48.400000000000006,-1.6027678192276147,11.151067019925966,4.2,12.5,7.0
1.03,0.0,0.8,1.7000000000000002,60.800000000000004,6.0,-10.3,47.800000000000004,-0.4,11.9,5.5,10.010963289282122,6.1000000000000005
1.04,0.0,0.0,0.5,59.1,6.6000000000000005,-12.3,50.7,2.6,14.8,5.800000000000001,10.4,5.5
1.05,0.8,0.0,1.5,61.900000000000006,4.1000000000000005,-12.4,52.2,4.09465461520977,12.9,6.1000000000000005,9.967326202594112,4.800000000000001
1.06,0.2,0.4,1.7000000000000002,61.2,5.5,-12.3,53.400000000000006,2.9000000000000004,13.278066104698068,5.300000000000001,8.5,4.3
1.07,0.0,0.0,2.3000000000000003,57.900000000000006,2.3000000000000003,-10.5,53.0,2.8000000000000003,15.9,4.5,6.738579416523259,4.5
1.08,1.0,2.0,0.0,60.2,3.3781159874733473,-11.600000000000001,54.300000000000004,4.4,15.09357624412269,3.2,10.0,-0.9
1.09,0.8,2.4000000000000004,2.4000000000000004,60.800000000000004,2.1,-11.9,55.6,1.1709493523951942,18.3,2.95178869416069,7.107481316267396,1.7000000000000002
1.1,0.0,0.0,0.4,58.2,1.7000000000000002,-11.4,55.0,5.2,15.700000000000001,4.0,4.660801818175071,0.8741063518631976
1.11,1.6,0.4,1.7000000000000002,61.800000000000004,0.4,-12.9,56.400000000000006,4.2,17.1,3.4000000000000004,7.0,0.1
1.12,0.0,2.0,1.9000000000000001,60.6,-0.30000000000000004,-11.549109413344835,55.400000000000006,7.0,20.400000000000002,3.3000000000000003,4.9,-2.4000000000000004
1.1300000000000001,1.6,2.0,2.0,60.0,-0.30000000000000004,-11.8,57.1,4.0,18.400000000000002,5.7,5.6000000000000005,0.8
1.1400000000000001,0.0,0.0,1.2000000000000002,57.5,-2.3000000000000003,-10.4,57.400000000000006,6.4,22.1,3.1,6.1000000000000005,-0.26702896643722707
1.1500000000000001,0.6000000000000001,3.8000000000000003,0.0,62.300000000000004,-3.0,-8.968402789222191,54.6,7.7,19.5,3.009218499012994,6.1000000000000005,-2.6
1.16,1.0,4.4,2.6,65.2,-2.8000000000000003,-8.9,55.300000000000004,7.4,21.900000000000002,4.3,1.3963846777389837,-2.4000000000000004
1.17,0.0,11.200000000000001,1.2000000000000002,63.1,-3.4000000000000004,-7.7,53.006596682382856,8.440343065233607,19.0,1.2606133285907357,5.800000000000001,-3.5
1.18,0.0,15.200000000000001,0.30000000000000004,65.3,-4.703790353192485,-7.7,51.0,10.5,21.5,1.7000000000000002,2.0,-6.300000000000001
1.19,0.6000000000000001,20.0,2.1,64.0,-2.9000000000000004,-9.33884406784461,50.300000000000004,10.0,20.400000000000002,1.5,2.3000000000000003,-4.800000000000001
1.2,1.8,28.8,4.4,68.0,-4.926200951957599,-8.3,49.5,9.438534095084748,25.1,1.1,4.2,-4.1000000000000005
1.21,1.0,37.800000000000004,0.0,71.7,-5.240863938888505,-7.950451940207824,45.6,12.200000000000001,22.200000000000003,0.9,4.4,-6.0
1.22,0.0,50.6,0.0,72.9,-6.9,-10.200000000000001,46.6,12.0,23.5,-0.1,1.9000000000000001,-4.7
1.23,0.6000000000000001,70.8,5.5,81.0,-3.2,-8.700000000000001,44.0,12.600000000000001,25.6,1.9000000000000001,3.5,-5.609651163299548
1.24,0.8,83.60000000000001,0.30000000000000004,85.0,-3.2,-7.1000000000000005,43.0,11.700000000000001,24.900000000000002,2.1,2.1198943393526295,-5.0
1.25,0.0,103.2,0.6000000000000001,90.4,-7.300000000000001,-6.7,40.2,10.3,26.5,1.3,4.6000000000000005,-7.0
1.26,3.2,118.60000000000001,0.0,97.0,-5.2,-5.5,37.19667103027852,12.82596164284506,24.700000000000003,-0.0,0.2,-7.108552414510188
1.27,2.0,136.0,2.1,107.5,-7.0,-5.172704150808882,34.1,13.3,24.3,-3.749244215860584,2.1,-9.3
1.28,0.0,142.8,4.7,109.7,-5.2,-7.5,33.7,14.290094657761228,25.200000000000003,-1.2000000000000002,-0.6000000000000001,-7.2
1.29,1.8,155.20000000000002,0.0,115.60000000000001,-6.9,-4.4,31.718948992171256,14.587034190789215,23.900000000000002,-2.8000000000000003,-1.1,-10.9
1.3,1.6,162.20000000000002,0.0,121.4,-7.300000000000001,-4.4,25.8,16.3,26.13928992926503,-3.5,0.30000000000000004,-11.163150125881808
1.31,1.6,161.20000000000002,0.0,130.20000000000002,-10.53869569663139,-3.4000000000000004,24.5,17.8,27.215438428414735,-1.9000000000000001,-1.1,-10.8
1.32,0.0,155.0,0.7000000000000001,128.3,-8.700000000000001,-2.5,19.3,18.6,27.486248456548992,-2.4000000000000004,0.0,-11.600000000000001
1.33,0.6000000000000001,143.8,2.8000000000000003,136.20000000000002,-7.6000000000000005,-3.4919989982393487,16.400000000000002,18.900000000000002,27.799065490245294,-1.4000000000000001,1.2951015746316379,-13.0
1.34,2.8000000000000003,141.8,79.9,134.20000000000002,-6.6000000000000005,-0.9,14.241429070886753,0.6216465377395965,24.831738948859698,-2.1,1.3370790107264554,-10.100000000000001
1.35,5.4,128.0,84.0,138.0,-8.5,-3.6345393582258403,12.170051435076877,2.7,26.200000000000003,-3.5243849557738596,2.5,-15.0
1.36,9.600000000000001,111.4,92.5,137.3,-8.6,-3.9000000000000004,6.300000000000001,5.7,26.1,-4.7,2.0923694314560772,-12.82857111717236
1.37,15.8,97.80000000000001,93.30000000000001,136.20000000000002,-7.300000000000001,-2.0,5.4,2.5,27.5,-4.4,0.20834526895331612,-13.700000000000001
1.3800000000000001,20.6,80.2,99.60000000000001,133.20000000000002,-9.9,-3.0,1.2000000000000002,6.9,24.700000000000003,-7.4,-1.8,-12.5
1.3900000000000001,30.6,63.800000000000004,111.0,129.6,-7.918084554010307,-1.8984607028606755,1.0321180070368399,5.3108119235003075,22.400000000000002,-6.6000000000000005,-2.3000000000000003,-15.5
1.4000000000000001,41.800000000000004,49.2,115.10000000000001,120.60000000000001,-5.9,1.0,2.1,8.4,23.97996555991137,-9.1,-0.1288829563998097,-11.600000000000001
1.41,60.2,37.2,120.10000000000001,114.5,-6.1000000000000005,-0.32388912591421914,6.2,10.4,24.6,-5.7,-0.09873136499548885,-11.3
1.42,74.0,27.400000000000002,126.80000000000001,109.10000000000001,-5.6000000000000005,0.275232252454307,4.144926571554854,11.700000000000001,23.1,-5.4,0.8722857309932729,-13.4
1.43,93.2,20.8,134.3,99.10000000000001,-7.548732358244151,-0.2,10.200000000000001,16.010059832394674,27.11150347754687,-7.1000000000000005,3.772518714794946,-10.731038076330018
1.44,112.80000000000001,10.200000000000001,135.4,95.60000000000001,-5.9,-0.6000000000000001,11.5,14.0,23.200000000000003,-7.694814780696244,0.7779902542243242,-10.4
1.45,138.6,9.0,137.8,89.0,-2.6,1.1,10.5,13.662411152749486,25.076224688388788,-6.1000000000000005,0.30000000000000004,-10.3
1.46,156.60000000000002,2.2,139.5,83.60000000000001,-5.800000000000001,2.5,13.700000000000001,16.900000000000002,22.19799634372237,-9.042491208779545,0.6544199267447676,-13.651459359447218
1.47,177.0,3.4000000000000004,137.0,78.5,-3.3000000000000003,0.9329529249382486,14.5,16.900000000000002,24.5,-7.9,-0.0,-14.100000000000001
1.48,187.0,1.0,137.4,0.2,-5.5,1.5880644423959436,11.600000000000001,17.400000000000002,22.400000000000002,-8.700000000000001,1.6,-9.700000000000001
1.49,197.0,0.0,128.8,0.5,-4.5,3.0950723803390803,12.687360968151797,17.2,21.6,-9.600000000000001,1.1,-11.895939555974193
1.51,197.0,0.0,126.4,0.0,-3.2,3.7,16.6,15.5,22.3,-8.6,3.066330964173977,-11.0
1.52,197.20000000000002,0.6000000000000001,122.0,0.0,-2.2,3.1,13.8,16.5,19.900000000000002,-9.5,0.5,-9.0
1.53,186.20000000000002,0.0,112.7,2.5,-1.0,3.5,14.600000000000001,15.700000000000001,21.200000000000003,-7.98851121170198,3.1,-10.600000000000001
1.54,171.8,0.2,109.10000000000001,1.9000000000000001,-1.6,2.0,14.4,17.611828378029546,19.3,-11.0,4.3,-9.0
1.55,149.4,0.0,96.5,1.4000000000000001,-1.1,3.6,11.561366270059672,14.4,18.5,-11.9,7.4,-7.0
1.56,129.8,0.2,91.80000000000001,0.0,-0.30000000000000004,4.0,10.03219111707829,12.700000000000001,18.400000000000002,-10.582800777886261,7.6000000000000005,-9.200000000000001
1.57,109.60000000000001,0.0,85.9,0.1,0.5,3.0,4.3,13.8,16.5,-10.153030189988655,10.600000000000001,-7.6000000000000005
1.58,85.2,0.0,82.4,1.0,0.8,3.9000000000000004,3.8000000000000003,10.840186301112338,16.900000000000002,-11.200000000000001,14.4,-7.800000000000001
1.59,68.60000000000001,0.0,76.7,2.1,2.6,6.0,-1.7000000000000002,11.358581647067044,16.8,-9.0,19.8,-6.800000000000001
1.6,55.400000000000006,0.0,76.5,0.0,2.2,5.6000000000000005,11.820109580943825,10.3,12.9,-9.9,23.5,-3.9000000000000004
1.61,37.800000000000004,0.0,67.3,0.4,4.0,4.4,13.0,10.0,16.152465850356204,-12.100000000000001,26.200000000000003,-3.1
1.62,25.400000000000002,0.0,64.7,1.9000000000000001,4.4720203286681235,5.1000000000000005,12.8,13.100000000000001,15.100000000000001,-11.460046291961188,28.5,-3.9309479295942347
1.6300000000000001,17.2,0.0,67.10000000000001,1.0,4.5,4.3,13.8,11.4,11.100000000000001,-13.9,32.29243606253331,-3.0
1.6400000000000001,12.200000000000001,2.4000000000000004,61.2,0.30000000000000004,6.9,7.234296473778012,13.471271220483406,11.100000000000001,10.100000000000001,-10.5,35.300000000000004,-2.5
1.6500000000000001,11.600000000000001,1.8,62.7,1.8,7.800000000000001,3.9000000000000004,13.5,9.58391712990708,12.700000000000001,-12.700000000000001,36.1,-3.3000000000000003
1.6600000000000001,8.4,4.6000000000000005,59.7,0.0,8.8,6.558779062571885,12.794522359318256,7.4,11.83522753194917,-11.700000000000001,39.6,-1.7000000000000002
1.67,4.4,3.0,56.800000000000004,0.0,7.128752314093236,5.4,12.4,7.4,10.8,-12.293320889742118,41.663106049870734,-2.9000000000000004
1.68,1.2000000000000002,0.0,59.6,0.9,6.1000000000000005,3.7,9.5,6.9,7.6000000000000005,-13.770663519129002,44.300000000000004,-2.033419516995516
1.69,3.2,0.0,61.5,0.7000000000000001,9.373461719243032,3.8000000000000003,9.0,5.5,10.600000000000001,-11.013635891835301,45.800000000000004,-0.4
1.7,0.0,1.4000000000000001,57.900000000000006,0.0,10.700000000000001,2.7,9.5,4.800901429144708,6.7,-13.200000000000001,47.6,-1.0
1.71,1.8,0.0,60.2,0.0,11.200000000000001,3.0,9.4,3.9000000000000004,7.054834883151218,-12.5,48.2,-0.6638335030673995
1.72,2.6,0.8,61.7,0.0,12.46107295110395,3.0,8.3,4.6000000000000005,6.272436049983844,-10.791428778393644,50.66333847505171,0.6000000000000001
1.73,0.0,3.6,56.5,0.0,14.700000000000001,6.4,10.8,3.6,7.1000000000000005,-12.9,51.400000000000006,3.3000000000000003
1.74,2.8000000000000003,0.0,59.800000000000004,0.6000000000000001,14.5,6.8094617853091055,10.5,4.5,4.6000000000000005,-9.9,51.7,4.409984596713747
1.75,0.0,0.0,61.900000000000006,0.0,15.100000000000001,2.907821568137304,8.00779922064899,0.6000000000000001,4.2,-12.70966458300635,54.300000000000004,3.0
1.76,0.0,3.2,61.0,2.3000000000000003,15.9,6.992521456926667,7.866985408665143,4.2,2.8000000000000003,-12.8,53.5,4.261503825428177
1.77,1.8,0.0,59.0,0.6000000000000001,14.9,4.23297746414241,9.600000000000001,-0.5,0.6833511878958811,-11.200000000000001,55.300000000000004,3.538690808855626
1.78,0.2,0.8,60.400000000000006,2.4000000000000004,16.400000000000002,3.9000000000000004,6.800000000000001,-0.9,-1.4000000000000001,-9.116295823828795,55.300000000000004,2.2943905005680625
1.79,1.4000000000000001,1.8,58.400000000000006,0.2,16.8,1.3,6.2,0.0,0.7000000000000001,-10.9,55.2,4.2
1.8,4.4,1.2000000000000002,62.2,0.2,19.6,4.5,4.6000000000000005,-0.2813990505168513,-1.7000000000000002,-9.5,57.6,5.5
1.81,0.0,0.0,61.6,0.0,18.3,3.2442890061335694,4.7214912826629565,1.1,-0.2,-12.077236051412507,57.7,6.6000000000000005
1.82,2.6,2.4000000000000004,61.400000000000006,0.0,20.0,4.4,7.0,-0.8,-1.1,-10.700000000000001,55.0,6.9
1.83,5.800000000000001,0.0,60.6,0.0,22.0,4.800000000000001,5.3189882741394365,-1.4000000000000001,-1.787483888323282,-10.420332945571326,56.0,7.2489357272130395
1.84,7.800000000000001,0.0,60.6,0.0,20.644908055999455,5.2,5.238712661251163,-1.7000000000000002,-3.8000000000000003,-11.200000000000001,52.14679318283807,7.4
1.85,7.6000000000000005,0.4,59.800000000000004,0.0,24.0,2.3000000000000003,4.800000000000001,-0.4,-1.9000000000000001,-11.4,51.7,9.078176032768589
1.86,12.600000000000001,0.0,63.7,0.0,24.6,2.2,7.0,-0.041036507044374886,-3.1,-9.4,51.900000000000006,7.6000000000000005
1.87,19.400000000000002,2.4000000000000004,65.7,2.3000000000000003,22.400000000000002,1.1,3.1,-4.5,-5.6000000000000005,-7.0,49.400000000000006,10.700000000000001
1.8800000000000001,27.6,0.6000000000000001,70.3,0.0,21.8,1.9000000000000001,1.2000000000000002,-4.6000000000000005,-2.1779966534424946,-8.3,49.6,9.600000000000001
1.8900000000000001,39.800000000000004,0.2,72.9,0.6000000000000001,24.6,0.6000000000000001,0.7000000000000001,-6.0,-5.4,-9.0,47.800000000000004,13.4
1.9000000000000001,53.0,0.0,75.8,1.4000000000000001,23.8,1.3,1.8067272964428196,-6.9,-7.2,-10.3,45.6,11.100000000000001
1.9100000000000001,67.4,0.0,81.2,1.7000000000000002,23.8,1.2965335861913612,-1.1,-4.5,-6.9,-8.0,46.5,11.4
1.92,83.2,0.0,83.80000000000001,2.0,26.3,-2.5,1.4000000000000001,-8.3,-8.241954895771457,-7.7,41.89270973631972,11.9
1.93,100.2,0.6000000000000001,91.80000000000001,0.0,26.700000000000003,1.5,0.2,-10.4,-5.0,-6.300000000000001,39.89037326996224,12.5
1.94,115.2,0.0,96.30000000000001,3.8000000000000003,25.400000000000002,0.89561470509984,-1.0,-6.9,-5.7,-6.7,37.4,14.4
1.95,133.4,1.0,105.60000000000001,0.0,26.8,-1.0,0.30743130306956373,-6.5,-6.300000000000001,-5.300000000000001,33.176773565484,14.200000000000001
1.96,148.8,0.0,111.0,0.0,26.612247011635162,-0.9,1.1,-8.5,-6.845653451411522,-4.7,33.90124471591074,16.0
1.97,152.6,0.0,113.80000000000001,0.30000000000000004,25.8,-2.1,2.5,-9.5,-6.1000000000000005,-5.4,27.1,15.902881723144821
1.98,160.60000000000002,0.6000000000000001,125.2,0.2,23.6,-2.2,1.1,-10.200000000000001,-7.970101011337065,-5.0,26.200000000000003,15.9
1.99,157.60000000000002,0.4,130.5,1.3,24.1,-3.899793627032926,-0.5,-11.5,-7.300000000000001,-4.4,23.8,16.867310028073266
2.0,155.20000000000002,0.0,133.1,0.7000000000000001,23.5,-3.3000000000000003,0.9119387355969302,-11.700000000000001,-8.9,-6.211944772999493,21.0,18.400000000000002
2.0100000000000002,142.8,4.2,135.20000000000002,77.5,26.1,-4.0,-0.30000000000000004,-11.962719380671116,-8.700000000000001,-3.3132828428919225,15.909606490165805,0.693970597868999
2.02,131.0,2.6,138.3,84.9,24.456002594943566,-4.7,-1.1226216738618093,-14.5,-7.378783346609588,-1.2000000000000002,14.200000000000001,2.3000000000000003
2.0300000000000002,112.80000000000001,7.800000000000001,133.3,87.5,26.8,-3.8000000000000003,1.1,-11.445945437959185,-11.066844964574535,-2.3000000000000003,9.19181855219595,4.4
2.04,99.4,15.4,132.0,96.2,28.8,-1.0,-0.8,-13.200000000000001,-7.9,-2.9000000000000004,9.8,3.9000000000000004
2.05,79.4,20.400000000000002,134.0,99.30000000000001,27.95622439664949,-5.577687596916695,2.3000000000000003,-11.600000000000001,-7.0,-1.2000000000000002,4.2,9.5
2.06,62.0,27.6,126.2,107.2,23.900000000000002,-5.383193970930104,1.8258605851278003,-12.600000000000001,-6.9,-1.8,0.30000000000000004,8.0
2.07,48.800000000000004,44.0,124.80000000000001,116.7,23.6,-7.027716505079312,-0.583750073873737,-10.9,-7.7,-1.2000000000000002,1.8893808516455086,8.9
2.08,35.800000000000004,55.400000000000006,117.7,122.30000000000001,23.411212212569918,-7.9,0.30000000000000004,-12.600000000000001,-6.800000000000001,-1.9000000000000001,4.920042668364406,8.9
2.09,26.400000000000002,74.8,110.9,128.20000000000002,22.6,-6.6000000000000005,-0.30000000000000004,-12.564231033319277,-8.5,-3.8629596572813774,4.4,7.300000000000001
2.1,18.2,95.60000000000001,100.60000000000001,132.4,22.0,-7.2,0.9,-13.100000000000001,-8.700000000000001,-0.7000000000000001,9.3,11.067653754900935
2.11,10.600000000000001,115.60000000000001,91.2,135.70000000000002,23.3,-8.5,-1.5,-11.4,-5.082346173481649,2.5,9.4,13.200000000000001
2.12,9.4,140.6,87.30000000000001,140.6,24.3,-7.0,1.533914562546091,-14.100000000000001,-4.4,-1.1,13.444977670088612,13.4
2.13,4.6000000000000005,157.20000000000002,81.2,138.6,25.004012880206492,-7.143610465140066,-0.5731413995027397,-13.100000000000001,-5.5,2.5,11.600000000000001,14.980723108651894
2.14,5.800000000000001,177.4,74.3,138.1,22.900000000000002,-8.055074587018321,2.4000000000000004,-9.747234824413475,-4.1000000000000005,2.2,14.73778220709826,17.8
2.15,0.0,189.0,0.0,134.20000000000002,22.0,-10.9,1.7000000000000002,-12.4,-2.9000000000000004,0.8670404469951001,15.3,18.7
2.16,0.0,199.20000000000002,0.0,131.20000000000002,22.200000000000003,-8.4,-0.4,-13.9,-3.4000000000000004,0.8,15.561862026690541,18.400000000000002
2.17,0.4,202.4,0.0,126.0,21.1,-9.5,1.9000000000000001,-9.0,-2.574898772964335,2.2,13.200000000000001,16.1
2.18,0.0,196.20000000000002,0.0,120.0,21.6,-10.0,-1.5,-8.9,-2.8000000000000003,2.4000000000000004,11.8,14.100000000000001
2.19,3.8000000000000003,186.8,0.0,116.10000000000001,20.5568374772393,-10.8,1.7138572230504063,-8.8,-3.2,0.2,11.3,13.8
2.2,0.0,173.60000000000002,1.1,108.60000000000001,19.0,-9.600000000000001,4.800000000000001,-9.0,-1.5120961616952855,3.3000000000000003,12.0,13.600000000000001
2.21,0.0,153.60000000000002,0.0,99.30000000000001,16.5,-10.4,6.66608921509096,-6.5,-2.4000000000000004,2.1,11.915230867036724,13.3
2.22,0.2,131.0,1.3,96.9,19.900000000000002,-11.3,9.3,-6.5,0.30000000000000004,3.7,6.300000000000001,13.476986573781996
2.23,2.0,110.2,0.0,85.60000000000001,16.6,-12.700000000000001,13.100000000000001,-5.634647669567265,0.7000000000000001,4.588147579196566,5.800000000000001,12.27830939322572
2.24,0.0,89.4,0.8,82.7,17.1,-10.200000000000001,15.200000000000001,-6.0,1.5,5.4,2.9000000000000004,13.146982631139135
2.25,0.0,70.8,0.0,76.5,13.600000000000001,-10.9,22.200000000000003,-6.2,0.9,3.7,1.9000000000000001,12.8
2.2600000000000002,1.2000000000000002,53.800000000000004,0.0,73.5,15.172431547497334,-11.5,21.400000000000002,-6.2,3.0,7.138786979172883,13.700000000000001,10.653844648578819
2.27,2.6,39.0,2.9000000000000004,67.7,14.5,-15.100000000000001,26.700000000000003,-6.7,3.2,2.9515304425878583,12.0,7.9
2.2800000000000002,1.6,28.400000000000002,1.3,66.2,13.84290429144856,-12.100000000000001,27.1,-4.0,2.609018432039497,5.0,14.8,8.1
2.29,1.6,19.200000000000003,1.5,62.900000000000006,16.5,-12.5,32.741914732320886,-3.4000000000000004,2.1,2.8000000000000003,13.4,10.299686152537342
2.3000000000000003,2.0,13.600000000000001,0.30000000000000004,64.3,11.3,-13.0,35.800000000000004,-3.869967617284633,2.9305392342870147,3.7,12.0,5.800000000000001
2.31,0.0,7.2,0.0,61.300000000000004,12.200000000000001,-11.4,36.486721218138314,-2.2,5.800000000000001,4.1000000000000005,11.3,8.8
2.32,1.4000000000000001,5.4,1.7000000000000002,58.6,11.107201081048103,-11.5,38.84642985685168,-2.8000000000000003,7.5,5.4,12.600000000000001,5.0
2.33,0.8,5.4,0.0,60.7,8.8,-11.9,39.6,-0.8,10.700000000000001,6.4,10.100000000000001,6.5
2.34,0.0,3.4000000000000004,0.0,61.300000000000004,9.8,-11.200000000000001,41.6,-2.4000000000000004,9.4,4.3,11.9,6.2
2.35,0.0,0.0,0.0,62.6,7.800000000000001,-13.72389302402663,45.290187080200056,-2.0,8.4,4.444786699532812,10.5,8.5
2.36,0.0,0.4,0.0,61.7,8.200000000000001,-13.0,48.5,-0.5,10.700000000000001,2.439890041979549,13.200000000000001,5.4
2.37,1.2000000000000002,2.0,0.0,61.5,8.694032539814785,-12.3,47.800000000000004,1.4000000000000001,12.8,4.800000000000001,7.550704761250102,4.4
2.38,0.0,0.0,0.8,57.7,5.7,-13.100000000000001,52.6,-0.5,10.8,3.691784814640912,8.313309177735084,2.1
2.39,0.0,0.0,0.0,61.300000000000004,4.4,-11.4,50.6,2.736016443720378,13.4,3.8000000000000003,6.296435358892494,3.0
2.4,0.0,0.0,3.0,59.7,5.2,-12.8,52.7,0.14822658292862256,12.8,3.3000000000000003,8.0,1.4000000000000001
2.41,0.0,0.0,3.7,57.6,4.9,-10.5,53.66459382926832,2.3000000000000003,14.4,4.9,8.3,1.5
2.42,0.0,0.0,0.0,56.2,1.3,-13.0,54.1,1.3615714828343677,17.2,3.4000000000000004,6.300000000000001,1.3
2.43,0.0,0.0,0.0,61.1,1.1,-9.200000000000001,52.43848397474997,0.6000000000000001,14.100000000000001,4.4,5.9,2.4000000000000004
2.44,0.0,3.4000000000000004,0.9,59.800000000000004,1.6750155411920369,-9.186140331530941,54.52950587401287,4.7,18.1,4.0,6.699111305234384,2.1
2.45,0.0,0.0,0.0,59.1,-0.036630195769812905,-11.5,55.7,4.602645111609064,17.900000000000002,2.7,6.1000000000000005,-0.30000000000000004
2.46,0.0,0.4,0.0,60.7,-1.609736831588932,-9.8,55.300000000000004,3.7,17.3,2.8000000000000003,6.0,-1.2000000000000002
2.47,0.0,0.0,0.0,63.300000000000004,-0.5,-11.467156199725627,56.0,5.300000000000001,18.1,4.115302528046613,7.008802560785211,-2.3000000000000003
2.48,0.0,2.2,0.6000000000000001,60.2,-1.0,-9.5,55.800000000000004,7.0,20.6,2.7,5.1000000000000005,-2.2870754195735676
2.49,0.0,0.2,0.0,60.6,-2.9000000000000004,-10.719972324945282,54.0,6.6000000000000005,20.8,2.7,4.324265538128892,-2.5
2.5100000000000002,0.2,5.800000000000001,0.8,64.0,-3.0,-11.8,52.42862960561132,7.300000000000001,17.3,1.2000000000000002,3.3000000000000003,-3.4000000000000004
2.52,0.0,12.200000000000001,0.0,61.5,-4.3,-14.200000000000001,54.35894107507312,7.7,19.400000000000002,-1.0508933339377997,6.0,-6.5
2.5300000000000002,1.4000000000000001,16.0,1.1,63.5,-5.5,-10.0,49.800000000000004,8.0,22.5,-0.7000000000000001,3.2,-3.2
2.54,0.0,19.200000000000003,0.0,61.2,-5.257763344066871,-9.0,49.400000000000006,8.5,22.1,1.3,3.9000000000000004,-5.800000000000001
2.5500000000000003,0.0,30.8,0.9,71.4,-5.1000000000000005,-7.5,47.6,9.1,23.400000000000002,-0.2,4.1000000000000005,-5.4
2.56,1.4000000000000001,38.2,0.0,71.4,-7.4,-8.700000000000001,47.900000000000006,9.5,21.76721175344065,2.5,2.6229457802647946,-4.8839238625556
2.57,0.0,51.400000000000006,0.5,76.3,-6.6000000000000005,-7.2,46.7,9.700000000000001,23.19228229608262,-0.6000000000000001,1.8544479031546681,-5.800000000000001
2.58,0.6000000000000001,70.4,2.3000000000000003,78.60000000000001,-6.4,-8.6,42.900000000000006,11.0,22.1,-0.4,0.3236494386301494,-5.7
2.59,0.0,82.0,0.7000000000000001,86.2,-5.4,-8.1,41.300000000000004,11.25771558265397,21.700000000000003,1.0,-0.4,-8.874545431186702
2.6,0.4,100.2,0.2,89.2,-7.6000000000000005,-6.1000000000000005,39.2,11.3,22.200000000000003,-0.5,1.1,-9.9
2.61,0.2,119.4,2.1,97.9,-9.0,-9.9,38.400000000000006,14.065640762596386,23.0,-1.5,0.9,-9.700000000000001
2.62,0.0,131.20000000000002,0.0,103.30000000000001,-8.0,-6.5,31.6,15.200000000000001,23.6,-2.0,0.4,-8.473903459177363
2.63,0.8,148.4,4.0,113.7,-8.6,-6.7,31.900000000000002,14.3,24.1,-3.0,1.2000000000000002,-8.954449701756404
2.64,0.6000000000000001,154.0,0.0,117.9,-7.5,-4.2,28.700000000000003,14.9,27.024048976847986,-1.1,0.7000000000000001,-9.8
2.65,0.0,161.60000000000002,2.2,123.30000000000001,-8.700000000000001,-6.0,24.900000000000002,14.5,24.900000000000002,-1.9000000000000001,2.1,-8.9
2.66,0.0,159.60000000000002,0.9,125.9,-11.600000000000001,-4.4,22.8,17.167449385790636,27.900000000000002,-3.0,0.30000000000000004,-9.700000000000001
2.67,0.0,153.0,0.0,133.1,-4.0,-3.5,20.237927983305198,18.6,25.400000000000002,-2.6,-1.5,-10.600000000000001
2.68,1.8,146.0,1.7000000000000002,134.8,-8.3,-6.0,16.900000000000002,16.8,26.3,-3.1945051622938223,2.2,-14.3
2.69,3.6,142.20000000000002,78.60000000000001,137.70000000000002,-8.745128860432247,-4.7,15.4,-0.9,25.6,-5.9,-0.6000000000000001,-12.47443320453963
2.7,5.800000000000001,131.6,85.4,137.8,-11.200000000000001,-4.9864566586343075,9.1,0.9,23.8,-4.4,0.5,-14.0
2.71,8.200000000000001,116.2,89.0,136.0,-10.850902118405713,-3.0,5.7,1.9000000000000001,24.30326365717652,-5.800000000000001,-1.3,-14.0
2.72,13.8,98.80000000000001,93.30000000000001,133.9,-8.6,-2.7,2.6,2.8000000000000003,24.41816574529262,-5.800000000000001,-3.8000000000000003,-14.0
2.73,20.400000000000002,80.4,101.10000000000001,134.4,-8.0,-2.7,0.6000000000000001,5.6000000000000005,25.700000000000003,-7.540310130855439,-0.30000000000000004,-12.9
2.74,28.400000000000002,60.800000000000004,104.2,127.30000000000001,-6.6000000000000005,-2.9000000000000004,0.7000000000000001,8.356338825145908,25.379286919587585,-7.464635898646959,-1.8670184019330847,-12.9
2.75,42.6,53.0,115.30000000000001,123.0,-6.7,0.2,2.9096400637162865,7.5,24.8,-7.736584838544279,1.8,-11.867631075082684
2.7600000000000002,58.0,35.4,121.10000000000001,118.0,-8.5,-0.7000000000000001,5.0,12.639297980592834,25.6,-3.5242728344394036,0.30000000000000004,-12.200000000000001
2.77,76.2,25.0,128.8,110.30000000000001,-9.8,-2.6,6.4,9.1,25.253234245131768,-4.1000000000000005,1.8,-11.896768458474739
2.7800000000000002,95.80000000000001,18.0,130.5,101.0,-7.1000000000000005,-2.6,7.5,10.5,26.5,-10.0,0.0,-12.0
2.79,113.4,11.0,136.8,94.2,-7.7,-0.7000000000000001,9.700000000000001,12.762635551801436,23.400000000000002,-10.4,-1.7000000000000002,-13.700000000000001
2.8000000000000003,137.20000000000002,8.8,140.0,86.80000000000001,-8.5,-2.439209975885078,10.200000000000001,16.2,22.5,-9.9,0.1,-14.4
2.81,158.4,4.800000000000001,141.8,82.60000000000001,-5.7,2.0,12.4,14.0,22.400000000000002,-8.200000000000001,-2.5,-16.3
2.82,172.20000000000002,2.0,134.8,74.2,-7.800000000000001,-1.0,12.700000000000001,14.8,20.700000000000003,-8.700000000000001,-1.0,-12.4
2.83,190.4,2.6,138.4,0.0,-4.2,1.0,13.3,17.1,19.700000000000003,-7.0,-2.3000000000000003,-12.3
2.84,196.60000000000002,0.4,130.8,0.4,-5.5,2.1,16.0,15.9,20.900000000000002,-10.3,0.30000000000000004,-12.0
2.85,201.4,0.6000000000000001,127.0,3.4000000000000004,-3.2,1.5,13.9,16.912934084301234,21.952914577975438,-11.0,0.2,-9.8
2.86,195.4,0.0,115.80000000000001,0.0,-1.2000000000000002,-0.2,14.700000000000001,15.600000000000001,21.644278117653037,-10.362648464694077,0.1,-12.200000000000001
2.87,185.0,0.2,116.5,0.0,-2.8000000000000003,2.8000000000000003,11.600000000000001,13.9,17.3,-11.024397078816257,-1.2000000000000002,-10.100000000000001
2.88,172.0,0.0,106.60000000000001,0.0,0.0,1.3,8.5,16.312574706456314,19.744454004399508,-11.075491406934727,4.2,-10.700000000000001
2.89,148.0,0.2,96.9,3.3000000000000003,0.4,2.3000000000000003,8.3,9.0,15.600000000000001,-11.100000000000001,6.9,-8.18423266561767
2.9,130.20000000000002,0.4,93.0,0.0,-1.5,1.8,4.5,13.8,18.1,-9.0,9.3,-11.100000000000001
2.91,106.80000000000001,0.4,87.9,0.0,-0.12921872797979922,2.7,4.797035573627296,12.3,17.400000000000002,-11.600000000000001,11.600000000000001,-6.9
2.92,85.80000000000001,0.0,82.5,0.0,1.3,4.5,4.9,9.769864520536622,14.100000000000001,-13.200000000000001,15.0,-6.4
2.93,71.0,0.0,76.7,0.8,2.090876736039901,2.6,0.8,12.949841126123578,16.6,-12.5,18.5,-7.9
2.94,49.400000000000006,0.0,71.60000000000001,0.0,2.9000000000000004,3.4000000000000004,11.700000000000001,8.784736777319589,16.8,-11.4,20.256817262443562,-6.2
2.95,36.6,0.0,68.60000000000001,0.0,2.7,2.546993144437566,15.8,11.4,13.9,-11.705232632124115,25.6,-6.800000000000001
2.96,31.400000000000002,0.0,67.3,0.4,2.5,4.0558158275050635,12.700000000000001,7.2,13.3,-11.9,28.98229466006777,-4.6000000000000005
2.97,16.8,2.6,63.400000000000006,0.0,3.2,4.7,12.600000000000001,7.9,14.100000000000001,-14.700000000000001,32.300000000000004,-3.6
2.98,15.4,1.2000000000000002,61.300000000000004,0.0,8.1,3.4000000000000004,12.9,6.6000000000000005,10.200000000000001,-14.600000000000001,32.5,-5.2
2.99,8.200000000000001,0.0,62.1,0.0,5.654505130816572,4.2,11.3,6.0,9.4,-12.974025105436768,37.2,-5.0
3.0,3.8000000000000003,0.4,58.5,0.0,5.4,2.7,11.200000000000001,6.300000000000001,8.9,-12.3,39.7,-1.6
3.0100000000000002,4.800000000000001,0.0,64.2,0.0,8.5,1.8,10.8,4.5,9.171128233995463,-13.9,39.5,-0.0021875683172805777
3.02,3.4000000000000004,0.0,62.800000000000004,0.0,7.0,3.9000000000000004,7.5,2.8000000000000003,8.4,-11.100000000000001,41.2,-1.2223582953195569
3.0300000000000002,0.0,0.0,60.0,0.0,9.9,3.7,7.9,5.6000000000000005,6.9,-12.3,45.7,-0.5
3.04,0.0,1.0,56.5,0.0,10.600000000000001,4.5,11.341317162141314,5.0,6.300000000000001,-13.5,45.6,-1.0
3.0500000000000003,2.4000000000000004,0.0,60.900000000000006,1.3,12.0,4.0,8.916604135248194,5.0,5.164746565797095,-9.5,47.1,0.1
3.06,0.4,0.0,58.400000000000006,0.0,11.9,3.9938174673840976,8.5,4.3405094370963395,4.5,-13.326764775496082,50.5,0.9
3.0700000000000003,2.2,0.0,61.900000000000006,0.0,11.9,4.4,7.1000000000000005,4.4,3.4000000000000004,-13.100000000000001,49.2,0.8
3.08,0.8,1.2000000000000002,58.0,1.9000000000000001,12.100000000000001,3.7036819242060024,7.2,2.2,2.6,-13.100000000000001,51.5,3.2
3.09,3.6,0.0,60.800000000000004,1.2000000000000002,12.600000000000001,5.300000000000001,6.463303082385298,2.4000000000000004,0.30000000000000004,-12.4,50.800000000000004,2.4000000000000004
3.1,0.0,0.0,59.300000000000004,2.3000000000000003,13.5,3.7,5.0,-0.6000000000000001,1.7000000000000002,-13.600000000000001,52.82920640768321,3.1
3.11,1.2000000000000002,0.6000000000000001,59.1,0.0,12.9,3.1,4.0,-1.2000000000000002,-1.1,-11.3,53.6,3.1
3.12,0.0,3.6,59.2,0.0,13.9,2.6,6.0,1.2000000000000002,1.4000000000000001,-11.0,53.900000000000006,3.8000000000000003
3.13,1.0,1.0,62.2,2.7,17.108478220310804,0.7000000000000001,4.7019537176056705,1.0,-0.9,-11.0,54.5,5.800000000000001
3.14,1.4000000000000001,0.0,59.300000000000004,0.0,17.8,2.0,4.800000000000001,0.1,-1.1,-12.200000000000001,52.49931068157017,5.1000000000000005
3.15,2.4000000000000004,0.0,60.900000000000006,0.0,19.1,2.3000000000000003,2.6,-2.3000000000000003,-2.0,-11.90804344750411,53.6,5.7
3.16,3.4000000000000004,0.0,58.5,0.5,19.5,2.7,7.413661658884757,-2.6,-2.5,-10.4,56.1,6.300000000000001
3.17,5.6000000000000005,0.0,63.300000000000004,0.0,22.900000000000002,2.5,5.5,-0.7000000000000001,-1.4481860166106981,-10.718183866140844,54.219489106881,6.2
3.18,6.6000000000000005,1.2000000000000002,63.400000000000006,1.1,20.0,2.4000000000000004,2.8000000000000003,-1.8,-5.1000000000000005,-11.600000000000001,52.5,5.5
3.19,10.600000000000001,0.0,62.300000000000004,1.2000000000000002,19.6,1.1,1.5,-4.6000000000000005,-6.026874314368474,-12.8,51.400000000000006,9.600000000000001
3.2,11.600000000000001,0.0,63.400000000000006,0.0,20.8,1.7290481778663365,2.0398550697731634,-2.4000000000000004,-4.5,-10.5,52.0,9.600000000000001
3.21,20.200000000000003,0.0,69.2,0.0,22.2983555265401,-0.2,1.8,-5.455171526774626,-5.7,-9.1,49.800000000000004,10.4
3.22,29.6,0.0,65.5,0.0,21.400000000000002,0.2621128517072422,-0.2,-7.5,-5.2,-8.8,46.90023158075982,8.1
3.23,43.0,0.0,73.4,3.6,23.400000000000002,0.30000000000000004,-1.7000000000000002,-6.6000000000000005,-5.2,-10.9,45.900000000000006,11.700000000000001
3.24,48.2,0.8,73.3,2.4000000000000004,23.900000000000002,0.49408079738551763,0.6000000000000001,-6.2,-7.800000000000001,-7.800000000000001,43.300000000000004,12.881338308029607
3.25,67.0,0.0,83.30000000000001,5.2,23.700000000000003,1.8,-0.7220105898325101,-6.800000000000001,-6.1000000000000005,-6.2,41.900000000000006,12.386053274334518
3.2600000000000002,83.60000000000001,0.4,84.5,0.4,24.400000000000002,0.6799711569543453,1.0,-5.800000000000001,-8.516564855884543,-8.5,41.400000000000006,13.584064334788556
3.27,99.80000000000001,0.0,93.10000000000001,0.0,26.5,-2.3000000000000003,0.6294233885647416,-8.9,-7.5,-7.9,39.0,13.200000000000001
3.2800000000000002,116.4,1.0,95.5,2.2,24.700000000000003,-1.7187989284306662,-1.3,-11.0,-9.3,-7.9,37.1,11.803316106258691
3.29,134.8,0.0,101.9,0.0,22.816670703473477,-2.6,-1.1,-9.3,-7.9,-7.300000000000001,33.5,14.0
3.3000000000000003,148.8,0.0,109.80000000000001,0.0,23.900000000000002,-0.7000000000000001,0.9,-11.655101118570032,-8.3,-5.1000000000000005,28.94782224498082,12.700000000000001
3.31,152.4,0.2,118.80000000000001,1.3,21.804267812729147,-4.4,-0.2700187096165254,-8.6,-9.8,-7.1000000000000005,26.400000000000002,13.700000000000001
3.3200000000000003,158.4,2.4000000000000004,122.0,2.5,24.8,-4.800000000000001,-1.1,-10.5,-10.200000000000001,-5.525095595801797,25.6,15.4
3.33,160.60000000000002,4.2,131.5,0.7000000000000001,26.489817778464708,-3.2,2.7,-12.5,-7.800000000000001,-5.7,22.200000000000003,15.8
3.34,154.0,0.2,132.4,0.0,24.123775669781168,-3.1,-1.2000000000000002,-10.3,-9.3,-4.7,17.6,16.7
3.35,144.20000000000002,4.0,133.3,75.2,26.1525021127787,-3.9000000000000004,-1.2371950515176322,-11.5,-7.1000000000000005,-4.3,16.243619307286636,-1.8
3.36,132.4,6.2,138.5,82.2,27.200000000000003,-4.372121208393475,0.2,-11.600000000000001,-8.5,-2.3000000000000003,15.8,1.8
3.37,113.80000000000001,13.600000000000001,136.1,89.4,27.1,-3.9000000000000004,-1.6,-12.600000000000001,-6.800000000000001,-1.9185570134260326,11.0,3.3000000000000003
3.38,98.60000000000001,14.200000000000001,134.70000000000002,94.0,26.5,-6.949453905496817,1.7000000000000002,-12.600000000000001,-9.600000000000001,-3.117700780110153,8.1,4.5
3.39,78.4,22.6,135.3,101.4,22.5,-7.0,-0.5,-16.0,-6.9,-3.6,1.27811452419062,5.300000000000001
3.4,62.6,30.6,130.0,108.0,24.60410290208746,-7.975091635866403,-1.7000000000000002,-12.100000000000001,-9.1,-2.3544621806343677,1.0885884821743494,5.6000000000000005
3.41,47.2,43.0,121.30000000000001,114.10000000000001,21.900000000000002,-6.26896015698769,-0.34827668172441273,-17.77471624123983,-8.4,-3.6,0.5,6.300000000000001
3.42,37.2,54.6,115.30000000000001,117.0,23.0,-7.6000000000000005,-0.5,-14.3,-9.700000000000001,-1.7966769667385898,5.300000000000001,8.8
3.43,27.0,75.2,108.2,128.8,25.1,-8.8,-0.7000000000000001,-15.0,-7.0,-2.0,6.293134599783532,9.9
3.44,18.400000000000002,95.60000000000001,100.10000000000001,132.1,24.200000000000003,-8.700000000000001,-1.4000000000000001,-13.100000000000001,-5.925875736636212,-0.4,8.760420433294358,12.5
3.45,12.4,116.60000000000001,94.10000000000001,138.6,24.900000000000002,-5.300000000000001,-1.2000000000000002,-12.4,-6.5,-1.2000000000000002,11.200000000000001,13.9
3.46,9.0,138.0,85.0,143.3,22.700000000000003,-6.800000000000001,3.1,-13.700000000000001,-8.200000000000001,1.6,11.8,14.5
3.47,6.2,157.8,83.2,142.5,24.700000000000003,-7.259863775615794,-1.5,-15.9,-7.0,-1.1037947811672468,13.200000000000001,14.700000000000001
3.48,1.2000000000000002,173.8,78.2,135.0,22.861387620382903,-9.487311819676952,1.5,-12.9,-7.17026158596938,0.2,12.0,17.8
3.49,0.0,189.4,0.0,141.1,22.593600833308585,-8.0,-1.3,-10.100000000000001,-5.1000000000000005,-1.5,13.0,16.6
3.5100000000000002,0.0,195.4,1.4000000000000001,132.70000000000002,19.700000000000003,-11.5,0.6000000000000001,-12.524619499468802,-6.2,1.8,13.690407494687946,17.5
3.52,2.0,198.8,0.0,127.0,21.900000000000002,-9.5,0.20814096958984565,-10.3,-5.6000000000000005,2.6,12.700000000000001,15.07476317253066
3.5300000000000002,2.4000000000000004,197.0,0.0,122.2,19.5,-11.3,0.5,-9.1,-4.775056950072457,-0.30000000000000004,11.700000000000001,14.8
3.54,1.4000000000000001,185.8,1.8,109.80000000000001,18.6,-11.3,0.6000000000000001,-12.600000000000001,-1.0418985855314127,2.4000000000000004,12.200000000000001,12.100000000000001
3.5500000000000003,1.0,168.60000000000002,0.0,104.80000000000001,19.400000000000002,-10.416654467172776,0.4,-10.4,-1.7000000000000002,2.3000000000000003,9.5,14.200000000000001
3.56,0.0,155.20000000000002,2.1,100.30000000000001,18.7,-11.700000000000001,4.800000000000001,-10.8,-0.6000000000000001,3.6,11.100000000000001,13.4
3.5700000000000003,3.4000000000000004,132.0,0.0,92.60000000000001,16.400000000000002,-12.200000000000001,7.2,-9.600000000000001,-1.1,5.300000000000001,5.800000000000001,14.0
3.58,1.2000000000000002,108.80000000000001,2.0,89.5,19.1,-12.5,12.3,-6.1000000000000005,0.1,3.7,6.2,12.401664211353175
3.59,0.0,88.80000000000001,2.1,83.0,18.1,-14.5,13.700000000000001,-7.300000000000001,-1.0,2.0,4.800000000000001,12.4
3.6,0.0,69.2,1.5,78.0,16.0291125316858,-11.4,16.028947888629098,-6.0,1.3,1.9000000000000001,0.8,12.700000000000001
3.61,0.0,50.6,0.0,71.3,15.0,-13.700000000000001,21.1,-6.5,0.0,2.2,11.9,8.200000000000001
3.62,0.0,40.2,0.0,71.7,14.100000000000001,-10.4,21.8,-7.300000000000001,2.8000000000000003,1.8,13.5,9.8
3.63,2.6,26.0,0.0,64.60000000000001,11.064246074626041,-13.100000000000001,27.6,-4.5,2.1,4.2,11.3,9.200000000000001
3.64,0.0,20.0,2.8000000000000003,66.8,12.3,-11.307276526745113,28.6,-3.2,5.31973216081021,4.7,14.427484782118663,10.741624131116083
3.65,0.0,13.8,0.0,61.1,11.5,-15.053026391771258,31.80544308243273,-3.8000000000000003,7.5,5.9,12.100000000000001,9.200000000000001
3.66,0.0,10.200000000000001,0.0,63.0,9.94358103487725,-12.100000000000001,32.63133474851999,-3.0,6.402058511988792,4.3003318569903515,11.534689628144912,8.6
3.67,0.0,3.8000000000000003,0.0,58.300000000000004,9.4,-11.9,39.800000000000004,-4.5,8.8,6.0,12.5,8.5
3.68,0.2,4.2,2.1,62.6,6.1000000000000005,-11.5,38.400000000000006,-1.6,8.700000000000001,6.300000000000001,10.3,7.6000000000000005
3.69,1.8,0.0,1.2000000000000002,59.2,6.9,-14.861881317356415,41.800000000000004,-0.30000000000000004,6.4,2.5496130976073417,10.0,7.5
3.7,0.0,2.2,1.2000000000000002,57.900000000000006,8.5,-13.9,42.1,-0.9379344648189742,8.663216610637487,2.7,9.9,3.8000000000000003
3.71,0.0,0.2,0.5,57.400000000000006,8.6,-12.303647409090056,45.1,-2.993011502284578,9.5,3.0,7.0,3.0
3.72,1.4000000000000001,1.8,1.1,59.900000000000006,4.6000000000000005,-12.8,49.91223031404676,1.7000000000000002,10.923953543049299,4.0,9.0,5.0
3.73,0.0,0.0,0.0,57.1,5.2,-12.600000000000001,49.715329236167236,-0.8,10.9,4.800000000000001,5.7,0.6000000000000001
3.74,2.6,4.6000000000000005,1.2000000000000002,61.7,5.5,-13.255693699288909,49.800000000000004,1.4000000000000001,12.5,1.7000000000000002,7.9,2.6
3.75,0.0,0.0,0.0,58.400000000000006,2.8000000000000003,-10.9,51.800000000000004,2.6,13.4,3.2,7.5,2.890596382886204
3.7600000000000002,0.0,2.2,1.8,61.7,3.4000000000000004,-9.467704512459354,52.2,3.3000000000000003,14.700000000000001,5.515358910489125,6.5,2.0
3.77,0.0,0.0,0.4,58.800000000000004,1.8,-12.3,53.5,0.4,13.9,3.2,9.4,3.572264606446153
3.7800000000000002,0.4,1.2000000000000002,0.0,61.1,2.5,-11.8,55.152815442576255,3.3000000000000003,15.4,4.420348664146379,7.0,1.4000000000000001
3.79,0.0,1.0,0.7000000000000001,59.400000000000006,-1.2000000000000002,-12.100000000000001,54.300000000000004,3.8000000000000003,13.95860455651742,3.6,4.938613275043826,-0.5
3.8000000000000003,0.0,1.0,0.8,59.7,-1.7000000000000002,-10.4,55.158859820291944,6.0,15.600000000000001,3.4000000000000004,5.4,-2.1
3.81,0.0,0.0,2.8000000000000003,57.400000000000006,-0.7000000000000001,-10.700000000000001,55.2,5.4,15.867715066580137,2.881362182954033,7.5,-1.7000000000000002
3.8200000000000003,0.0,2.4000000000000004,0.6000000000000001,61.1,-1.6,-12.8,54.32250296177159,7.1000000000000005,16.464922648155316,1.1,2.6,-1.4000000000000001
3.83,0.4,1.8,0.6000000000000001,60.900000000000006,-2.36114953076086,-12.0,53.52628432823763,6.6000000000000005,16.8,1.1971537709967872,4.4,-2.8000000000000003
3.84,2.4000000000000004,7.800000000000001,0.7000000000000001,60.6,-2.3000000000000003,-12.200000000000001,53.2,6.4,19.84390334041665,1.5,2.7,-3.1
3.85,0.0,3.8000000000000003,0.7000000000000001,61.0,-4.7,-7.459891013834021,53.900000000000006,7.300000000000001,19.6,2.4000000000000004,4.3,-3.8000000000000003
3.86,2.8000000000000003,8.8,0.0,62.2,-5.800000000000001,-9.700000000000001,53.0,9.5,20.71981560032047,-0.6000000000000001,3.0514559000171477,-2.8000000000000003
3.87,0.0,14.200000000000001,0.0,67.4,-5.300000000000001,-10.9,49.6,6.7,20.0,2.4000000000000004,3.2,-3.4000000000000004
3.88,0.0,20.200000000000003,1.2000000000000002,66.7,-5.7,-10.581702276542408,49.30421779780644,9.9,21.700000000000003,2.9684065389499135,3.028880603874836,-5.800000000000001
3.89,0.0,28.400000000000002,0.0,68.3,-6.0,-8.5,47.300000000000004,8.6,23.6,0.30000000000000004,3.1,-4.315314410436343
3.9,2.6,42.0,4.4,70.9,-4.60850949291333,-8.1,47.5,8.9,23.191128592916478,-0.7000000000000001,-1.2000000000000002,-4.762311270549562
3.91,0.0,46.800000000000004,0.4,76.10000000000001,-5.6000000000000005,-7.864234595653801,44.10901651274511,11.700000000000001,22.93222041508488,-0.8814810544309334,2.2,-7.7
3.92,0.0,67.2,0.9,80.4,-6.300000000000001,-9.0,45.300000000000004,9.986003913109702,22.200000000000003,-0.7000000000000001,-2.4000000000000004,-7.800000000000001
3.93,0.0,80.0,0.6000000000000001,83.80000000000001,-7.0,-7.7,40.800000000000004,12.100000000000001,23.900000000000002,-0.30000000000000004,-0.2,-9.75583020765795
3.94,0.0,99.80000000000001,0.0,91.30000000000001,-8.1,-7.6000000000000005,39.7,11.600000000000001,22.900000000000002,-1.3,-0.19973723155147655,-7.6000000000000005
3.95,0.2,121.80000000000001,1.0,94.5,-8.9,-8.5,34.6,9.933103901181923,24.400000000000002,-1.5,-0.1,-7.9613313106831605
3.96,0.0,135.20000000000002,4.3,107.0,-9.600000000000001,-8.060823385866566,33.300000000000004,13.9,24.5,-3.3000000000000003,0.6000000000000001,-9.4
3.97,0.0,147.8,2.0,112.2,-9.200000000000001,-6.1000000000000005,31.400000000000002,14.0,26.6,-1.7000000000000002,0.8706159144828639,-10.4
3.98,0.0,155.4,0.0,117.7,-8.6,-5.9,26.6,12.100000000000001,26.3,-3.7,0.8,-8.1
3.99,2.0,160.8,0.0,123.4,-10.0,-5.1000000000000005,25.0,14.200000000000001,25.0,-4.1000000000000005,-0.4,-10.82126523886454
4.0,0.0,156.20000000000002,0.0,128.1,-8.5,-4.4,23.3,13.4,26.5,-3.0,-0.1,-13.600000000000001
4.01,0.0,154.60000000000002,0.0,130.20000000000002,-9.0,-3.2,18.6,17.024499005261674,24.700000000000003,-3.5,-1.3,-12.3
4.0200000000000005,3.0,142.6,3.8000000000000003,135.70000000000002,-9.3,-5.5,14.9,18.400000000000002,24.971595940952227,-4.800000000000001,-1.0,-13.700000000000001
4.03,3.6,141.4,80.5,137.6,-8.0,-4.440798341545933,14.3,0.2,25.243109327904513,-3.7,0.7000000000000001,-13.600000000000001
4.04,7.0,131.20000000000002,83.80000000000001,137.9,-12.0,-3.053478302333934,8.200000000000001,2.0,23.8,-6.800000000000001,1.2000000000000002,-12.100000000000001
4.05,7.6000000000000005,113.4,87.4,138.9,-8.700000000000001,-3.6,6.7,2.0,24.400000000000002,-2.8000000000000003,1.4000000000000001,-15.8
4.0600000000000005,14.8,96.80000000000001,94.10000000000001,135.9,-10.749402515927407,-2.6,2.9000000000000004,4.677646829617341,25.700000000000003,-6.215550547424678,-0.8,-14.200000000000001
4.07,20.200000000000003,76.60000000000001,102.4,130.4,-7.4,-2.2,-0.6000000000000001,5.6000000000000005,25.8,-5.1000000000000005,0.7000000000000001,-10.5
4.08,29.400000000000002,63.400000000000006,112.30000000000001,126.2,-7.0,0.6000000000000001,1.1,6.800000000000001,25.700000000000003,-6.775171163423813,0.9,-12.511215448632877
4.09,40.6,50.2,118.2,121.80000000000001,-9.9,-2.0166386901235938,1.7000000000000002,8.351701523368973,23.900000000000002,-6.528683868986506,2.1,-13.700000000000001
4.1,59.400000000000006,35.800000000000004,124.5,112.7,-9.871025517332551,-1.3,4.1000000000000005,9.9,23.819699732087912,-7.800000000000001,0.1,-15.352506617546624
4.11,74.4,28.0,129.5,106.30000000000001,-10.200000000000001,-2.3000000000000003,2.5,8.673731575895092,23.200000000000003,-7.2,-1.8,-13.5
4.12,96.2,17.8,135.5,101.4,-8.0,-2.4000000000000004,7.511436583984508,8.906711558424227,23.1,-5.6000000000000005,-1.3,-13.117614768933233
4.13,115.60000000000001,11.600000000000001,136.1,95.30000000000001,-7.861910419658772,-2.3060100490416646,8.1,11.757899747221261,22.700000000000003,-7.800000000000001,-4.1000000000000005,-11.936214011540526
4.14,139.20000000000002,11.8,138.8,89.7,-6.9,1.1,8.760499131885396,13.5,21.005958064100813,-9.0,-0.30000000000000004,-12.600000000000001
4.15,157.0,3.4000000000000004,139.4,82.60000000000001,-6.2,1.5,14.600000000000001,16.0,20.329464844870333,-6.9,-0.0,-13.200000000000001
4.16,175.4,5.4,140.0,79.10000000000001,-6.2,0.7000000000000001,14.200000000000001,18.21582725997166,21.8,-10.80964969717985,-0.30000000000000004,-11.8
4.17,187.8,3.4000000000000004,133.4,1.7000000000000002,-3.2,0.4,14.3,14.700000000000001,20.900000000000002,-10.50288156600386,-1.2000000000000002,-11.3
4.18,195.4,0.4,132.0,0.2,-3.6,1.7000000000000002,15.200000000000001,15.5,19.6,-10.4,1.6,-11.0
4.19,197.60000000000002,0.0,125.0,0.0,-5.432526190764457,0.9,13.4,13.9,20.400000000000002,-10.700000000000001,-3.5,-10.721790579568895
4.2,195.60000000000002,0.0,122.7,0.8,-4.6000000000000005,0.6000000000000001,11.5,15.41716962847723,21.314478098142516,-11.600000000000001,-1.8,-10.600000000000001
4.21,182.20000000000002,1.6,111.9,0.0,-4.5,-0.2,10.8,12.8,20.200000000000003,-10.100000000000001,2.6,-11.0
4.22,168.8,3.2,107.9,0.0,-1.7000000000000002,1.5291903759192815,8.9,12.3,19.3,-11.200000000000001,3.4998745022511435,-11.0
4.23,152.8,1.8,97.30000000000001,0.0,-1.2000000000000002,2.2,8.1,13.200000000000001,19.3,-11.600000000000001,6.0,-10.600000000000001
4.24,132.0,0.6000000000000001,96.4,1.7000000000000002,-1.2000000000000002,3.9000000000000004,6.116790860425094,11.666939392235989,16.3,-10.0,8.934426046668179,-8.200000000000001
4.25,107.80000000000001,1.4000000000000001,83.0,0.1,2.4000000000000004,3.0,4.697846997676205,12.100000000000001,16.2,-12.4,11.4,-7.5
4.26,92.80000000000001,0.2,82.30000000000001,1.2000000000000002,2.8000000000000003,3.5,5.610252297668729,13.9,16.7,-10.9,13.8,-6.2
4.2700000000000005,66.0,0.0,73.9,1.8,1.5,2.11648963055725,2.4000000000000004,13.5,14.700000000000001,-12.600000000000001,18.900000000000002,-6.300000000000001
4.28,54.400000000000006,2.2,71.60000000000001,0.0,1.7000000000000002,5.1393059912436065,13.306314182881053,10.0,14.0,-12.700000000000001,22.393424936776064,-5.1000000000000005
4.29,38.2,2.6,69.3,0.0,2.2,4.6000000000000005,11.700000000000001,9.1,16.0,-13.5,23.6,-5.953602247456006
4.3,29.400000000000002,0.0,67.5,0.0,2.0,3.090057375077677,11.626300024845404,7.509631823408543,13.100000000000001,-14.4,25.200000000000003,-4.3
4.3100000000000005,18.400000000000002,0.0,64.3,0.1,5.6000000000000005,1.3,9.4,5.1000000000000005,14.4,-13.600000000000001,30.900000000000002,-5.9
4.32,10.0,0.8,64.2,3.0,2.9416192208816563,1.4000000000000001,11.3,8.4,9.3,-15.0,33.84904610805991,-4.208412454951602
4.33,7.6000000000000005,0.0,60.0,0.0,6.7,2.7,12.0,9.5,9.9,-12.600000000000001,36.4,-5.800000000000001
4.34,6.4,0.0,61.6,2.0,7.541409727729469,5.2,13.700000000000001,6.210697142796124,10.3,-13.4,37.7,-3.0
4.3500000000000005,0.0,0.0,60.1,0.0,7.6000000000000005,4.800000000000001,9.700000000000001,5.6000000000000005,9.200000000000001,-11.700000000000001,37.611668318466855,-1.0
4.36,5.6000000000000005,0.0,60.800000000000004,1.4000000000000001,11.4,3.187328816367616,12.0,6.1000000000000005,5.838710927501049,-13.9,40.900000000000006,-1.8
4.37,1.4000000000000001,1.2000000000000002,59.7,0.0,7.7,5.6000000000000005,9.5,5.9,7.2,-13.3,45.900000000000006,-0.35661180600699954
4.38,2.0,0.0,61.2,2.8000000000000003,10.100000000000001,3.2531688849541323,8.4,3.5,9.600000000000001,-11.5,44.6,-0.4
4.39,0.0,1.2000000000000002,59.6,0.0,10.200000000000001,3.1,7.4,3.4000000000000004,6.1000000000000005,-11.9,48.800000000000004,-0.8395917785568452
4.4,1.8,0.2,60.400000000000006,0.8,11.997129085103419,4.696272537666966,7.981856826371598,4.097797814635406,5.7,-12.700000000000001,48.2,0.2
4.41,1.4000000000000001,0.0,58.2,1.9000000000000001,11.9,4.0,6.300000000000001,2.1,3.5,-14.03334746462298,49.400000000000006,2.4000000000000004
4.42,1.4000000000000001,1.0,58.5,0.0,10.200000000000001,4.4,6.2,3.1,3.7,-12.0,54.1,2.4000000000000004
4.43,0.0,0.0,59.0,2.4000000000000004,14.600000000000001,3.122407077032911,6.300000000000001,1.5,2.7,-12.943040890555876,55.2,1.4000000000000001
4.44,0.0,0.0,62.400000000000006,4.5,15.100000000000001,4.380117871762622,5.987352624506745,-0.2,3.3000000000000003,-13.0,53.89897636691458,1.0266055572213768
4.45,0.0,0.2,59.900000000000006,0.8,14.700000000000001,3.0,5.7,0.1,2.5329152660074423,-10.618293230268154,53.800000000000004,3.459334339728115
4.46,0.0,0.0,58.400000000000006,0.30000000000000004,16.5,3.6,3.9000000000000004,1.1,0.8697830505040779,-10.3,56.0,3.1
4.47,1.4000000000000001,0.0,61.1,0.0,16.1,3.2,6.300000000000001,-1.2546754192471126,-0.2,-12.895510785647382,53.1,4.1000000000000005
4.48,0.0,0.0,59.400000000000006,1.2000000000000002,17.900000000000002,3.2962726513673846,5.800000000000001,-2.3000000000000003,-3.0,-9.600000000000001,56.400000000000006,3.2
4.49,2.0,2.2,61.2,1.1,18.400000000000002,0.7000000000000001,3.7,-3.3000000000000003,-3.7,-11.484732105143227,57.2,6.7
4.51,1.2000000000000002,0.4,60.300000000000004,0.0,17.900000000000002,1.6,4.3,-2.2,-2.2,-10.200000000000001,55.1,5.9
4.5200000000000005,2.6,0.0,60.900000000000006,0.0,18.1,2.6,4.800000000000001,-4.4391836819701505,-1.8,-8.700000000000001,52.5,6.7
4.53,7.800000000000001,2.6,61.6,0.0,17.2,-0.4,2.8000000000000003,-2.7,-1.9000000000000001,-10.807472865677138,54.87948893278674,6.2
4.54,7.2,0.0,61.0,0.0,20.3,-0.7000000000000001,3.9000000000000004,-5.5,-5.1000000000000005,-10.0,52.6,7.4
4.55,15.8,1.2000000000000002,62.0,0.0,18.7,-0.7000000000000001,5.0,-7.6000000000000005,-6.4,-9.200000000000001,50.900000000000006,8.4
4.5600000000000005,21.0,0.0,66.5,0.0,22.129803481079787,4.1000000000000005,5.800000000000001,-5.0,-4.0,-7.899972238689496,48.6,8.1
4.57,28.6,0.0,69.3,3.0,20.6,1.571939776848528,1.2000000000000002,-2.9000000000000004,-6.6000000000000005,-9.395680702559034,46.900000000000006,9.200000000000001
4.58,41.6,0.4,72.10000000000001,0.0,23.3944947978272,0.5,0.6000000000000001,-5.5,-7.926033619945564,-8.098808917895141,48.0,11.700000000000001
4.59,52.800000000000004,1.6,75.7,0.0,23.506404626591863,0.2,0.9,-7.800000000000001,-7.1000000000000005,-9.700000000000001,44.7,8.5
4.6000000000000005,69.2,0.0,78.0,0.0,23.900000000000002,-0.5,0.5,-9.20933743312971,-7.5,-10.200000000000001,42.651105106263905,11.3
4.61,87.60000000000001,0.0,87.0,0.0,24.3,-1.9727212194128538,2.0,-6.7,-5.6000000000000005,-8.8,40.800000000000004,10.700000000000001
4.62,100.0,0.0,91.7,0.1,24.700000000000003,-2.9000000000000004,-0.1,-10.200000000000001,-6.5,-8.5,36.0,13.9
4.63,120.2,0.0,96.4,0.2,21.581983900980976,-2.6,-2.4108393693475425,-7.800000000000001,-8.700000000000001,-6.1000000000000005,35.9,12.600000000000001
4.64,131.8,0.0,104.0,0.30000000000000004,24.200000000000003,-3.6439488438658856,-1.4000000000000001,-9.200000000000001,-6.443490258622436,-7.0,33.4,12.06974957246963
4.65,145.20000000000002,0.0,113.0,3.5,27.3,-3.1,-0.4,-11.200000000000001,-8.1,-7.2,32.5,13.700000000000001
4.66,154.60000000000002,0.8,116.30000000000001,0.0,25.700000000000003,-2.1,-1.8,-8.761707922774685,-7.2,-7.2,28.900000000000002,14.9
4.67,157.4,0.0,123.5,0.8,25.1,-3.6,0.5,-11.8,-7.02798010828272,-6.2,23.6,18.411610224134513
4.68,157.20000000000002,0.2,130.1,0.4,25.900000000000002,0.0,-1.0,-12.51136859825404,-9.0,-4.240967144447637,21.6,13.100000000000001
4.69,154.4,1.4000000000000001,130.9,0.0,25.3,-2.7,-1.9000000000000001,-13.007536039099467,-8.015651113506186,-6.0,20.3,14.8
4.7,142.0,1.8,134.20000000000002,78.4,23.900000000000002,-6.2,-1.5737543900825988,-12.100000000000001,-9.0,-4.909499896728538,14.3,1.2934478161899339
4.71,131.20000000000002,7.2,136.5,82.4,25.700000000000003,-8.5,-0.2,-12.0,-8.0,-4.9,14.600000000000001,-1.5
4.72,113.4,9.200000000000001,133.6,90.2,25.1,-6.800000000000001,-0.6000000000000001,-14.4,-9.0,-4.1000000000000005,8.61105483566893,1.4000000000000001
4.73,100.4,14.8,138.3,96.9,22.865946934532083,-5.300000000000001,-0.8068887378196965,-15.8,-8.04711726448275,-2.1295668576672844,6.300000000000001,2.1
4.74,79.4,19.0,127.80000000000001,100.4,24.224653658381406,-6.079461694499951,0.5677074771700056,-15.483172611956304,-7.0,-4.3,2.107749554635637,3.4166674252843836
4.75,65.60000000000001,32.4,128.6,108.4,24.3,-6.5,0.9,-14.5,-7.5,-2.0,-0.6000000000000001,5.9
4.76,49.0,43.6,122.7,118.0,23.1,-7.212105998825502,0.9483040970417029,-14.083443645042044,-7.5,-1.7000000000000002,1.3,7.6000000000000005
4.7700000000000005,37.0,58.0,114.80000000000001,121.10000000000001,23.8,-7.7,0.7000000000000001,-12.147709804156126,-7.5,-1.6,6.9,10.747340629204668
4.78,28.400000000000002,73.0,107.0,128.5,23.150139284451917,-7.2,0.5,-9.700000000000001,-10.418503745378938,-0.5,7.5,12.555271372672351
4.79,19.8,94.0,101.9,133.20000000000002,24.200000000000003,-8.9,0.1,-11.600000000000001,-7.9,1.7033735974289756,7.001681435523253,12.3
4.8,12.600000000000001,115.80000000000001,94.4,138.9,22.8,-9.0,-2.9000000000000004,-14.8,-5.6000000000000005,-0.7000000000000001,10.200000000000001,12.4
4.8100000000000005,9.0,139.4,90.80000000000001,142.1,21.200000000000003,-7.5,0.5,-14.304430257388706,-5.9,-0.6741923747718743,11.5,13.8
4.82,5.6000000000000005,154.60000000000002,77.4,140.3,21.507955268964878,-10.5,-0.7006618136035453,-14.3,-7.2,-1.2000000000000002,12.8,15.700000000000001
4.83,2.8000000000000003,175.60000000000002,77.0,138.8,22.1,-9.3,-2.4000000000000004,-13.3,-6.17284541583727,0.10794862993055433,12.4,16.8
4.84,0.0,188.0,0.30000000000000004,135.20000000000002,22.1,-8.8,1.5,-10.600000000000001,-5.800000000000001,-1.0,13.200000000000001,16.400000000000002
4.8500000000000005,3.2,198.20000000000002,0.6000000000000001,130.4,22.3,-11.3,-0.9,-12.5,-3.7659672401986386,1.1,12.5,17.400000000000002
4.86,3.0,197.20000000000002,1.0,126.80000000000001,20.3,-11.4,-0.4,-9.600000000000001,-1.0,2.3000000000000003,15.3,15.200000000000001
4.87,0.0,195.60000000000002,0.6000000000000001,119.10000000000001,21.900000000000002,-9.4,1.0,-8.3,-2.0,1.4000000000000001,14.4,16.56916266719545
4.88,0.0,185.0,0.0,117.5,19.8,-12.045840393061289,0.0,-10.700000000000001,-3.1,4.5,14.0,15.700000000000001
4.89,2.2,168.8,0.0,105.60000000000001,18.2,-11.200000000000001,4.0,-10.200000000000001,-2.2,4.572182185146686,9.003770445397866,13.5
4.9,0.6000000000000001,151.20000000000002,3.9000000000000004,101.0,18.2,-8.964653041270822,5.2,-9.600000000000001,0.2,5.1000000000000005,10.634352237114397,13.014022392253898
4.91,1.8,130.4,3.3000000000000003,96.0,16.036468602637846,-10.5,10.960924808315607,-8.5,-3.2,2.8000000000000003,7.1000000000000005,12.3
4.92,1.0,109.4,0.2,87.4,16.400000000000002,-11.700000000000001,11.217027495599272,-8.5,-1.4491126710012578,2.3000000000000003,5.981686992464023,10.700000000000001
4.93,0.4,87.4,0.9,81.0,16.6,-11.001227813681883,16.900000000000002,-6.416648815530159,0.35071470382692327,2.0707756885597517,1.5,10.600000000000001
4.94,0.0,68.60000000000001,0.0,74.7,16.1,-12.3,15.72391623575285,-8.8,2.5,2.8000000000000003,3.4000000000000004,8.1
4.95,1.0,51.6,2.0,78.2,14.100000000000001,-11.200000000000001,20.200000000000003,-7.0,2.8646307108251006,4.7,12.8,9.1
4.96,0.0,37.2,0.5,72.4,17.1,-14.990068103038388,24.900000000000002,-5.4,2.6372577060733793,4.0,14.8,9.600000000000001
4.97,0.6000000000000001,28.200000000000003,0.0,67.2,12.8,-12.8,26.900000000000002,-4.2,4.9,3.9536998130415713,13.200000000000001,8.9
4.98,2.2,19.400000000000002,3.2,63.900000000000006,10.3,-15.3,30.10002228389089,-2.0,5.5,5.192638088215309,15.100000000000001,8.200000000000001
4.99,0.0,12.0,0.5,61.6,12.9,-12.600000000000001,32.91464572182773,-5.6000000000000005,6.1000000000000005,3.493286153616243,12.700000000000001,9.93965264501904
5.0,0.0,3.6,3.4000000000000004,60.6,11.4,-13.200000000000001,34.0,-4.3,5.6000000000000005,5.873643634533603,13.700000000000001,7.300000000000001
5.01,0.8,3.0,0.8,61.800000000000004,10.200000000000001,-11.3,36.5,-5.7,6.300000000000001,3.3000000000000003,10.4,8.929764791004386
5.0200000000000005,0.0,5.0,0.0,64.10000000000001,8.5,-12.100000000000001,40.5,-3.7,5.6000000000000005,4.3,8.5,5.7
5.03,2.0,3.8000000000000003,3.2,60.7,8.700000000000001,-13.600000000000001,41.6,-3.9872304752853216,10.3,2.4000000000000004,9.600000000000001,6.0
5.04,0.0,1.6,0.0,61.400000000000006,9.4,-13.5,46.0,-1.9000000000000001,8.8,3.4000000000000004,9.0,4.4
5.05,2.8000000000000003,0.0,0.7000000000000001,59.900000000000006,6.872127728677645,-12.5,46.0,-1.0,10.600000000000001,3.3000000000000003,8.700000000000001,3.6
5.0600000000000005,0.8,0.0,0.0,58.900000000000006,4.1000000000000005,-13.576796930847555,48.800000000000004,0.4,10.700000000000001,3.7,11.100000000000001,4.696558248555007
5.07,0.0,0.0,1.3,61.5,0.8832899456798002,-12.9,50.0,0.10557023156952716,13.296927805113237,3.3000000000000003,7.6000000000000005,5.5
5.08,3.0,0.0,0.0,61.400000000000006,4.7,-11.200000000000001,50.1,1.5,11.1482902076168,5.9,11.100000000000001,3.3000000000000003
5.09,0.4,1.8,0.0,61.300000000000004,2.3000000000000003,-13.600000000000001,49.6,1.7000000000000002,11.3,4.926425846768226,7.7,3.2
5.1000000000000005,0.0,2.4000000000000004,0.0,58.5,2.6,-13.100000000000001,54.400000000000006,0.9,13.700000000000001,2.0886486696603446,5.300000000000001,2.0
5.11,2.4000000000000004,4.2,1.3,61.300000000000004,1.0,-12.8,52.6,0.6150861627113698,16.6,2.81694013980754,6.5,0.4
5.12,0.2,0.0,0.0,61.1,0.1,-8.38449255669988,53.86726748644828,3.9000000000000004,16.1,2.3000000000000003,5.9,-0.4
5.13,0.0,1.2000000000000002,0.30000000000000004,62.1,-0.5,-11.276914312918539,54.58679223852804,5.800000000000001,14.3,3.1,4.7,-1.9000000000000001
5.14,0.0,2.2,1.1,61.0,-1.1,-10.5,54.900000000000006,7.4,17.0,2.114007033222378,4.405025394400021,-1.0
5.15,1.0,0.8,0.0,60.0,-0.0,-10.700000000000001,56.1,6.0,16.6,3.9104740456395377,6.5,-0.1
5.16,0.0,0.0,0.1,61.800000000000004,-0.9,-10.4,54.800000000000004,7.2,19.13873314657668,3.8000000000000003,5.800000000000001,-0.7000000000000001
5.17,0.2,0.0,0.0,62.800000000000004,-3.7,-10.600000000000001,54.300000000000004,6.6000000000000005,20.200000000000003,5.7,4.4,-1.5
5.18,0.2,5.800000000000001,0.0,60.2,-4.2,-10.5,55.1,7.0153767386506,21.200000000000003,-0.0,4.917994762585855,-1.2754525324915562
5.19,0.0,6.0,3.1,62.2,-3.0,-12.4,53.76618286033717,7.300000000000001,18.5,3.7408066160483977,2.6709818926928564,-2.929190243896686
5.2,0.2,7.800000000000001,0.0,65.4,-2.791251414713554,-9.9,51.300000000000004,7.6000000000000005,19.1,2.2,3.9000000000000004,-4.3
5.21,0.6000000000000001,15.0,1.9000000000000001,63.800000000000004,-3.4000000000000004,-10.200000000000001,49.7,9.0,20.8,0.2515890115788719,4.5,-3.8000000000000003
5.22,0.0,20.0,0.0,64.0,-6.325312975346887,-9.1,48.7,8.200000000000001,19.839012811347306,-0.4,3.1,-5.5
5.23,2.4000000000000004,30.0,0.0,69.5,-4.4,-9.5,48.2,9.200000000000001,19.8,-0.7000000000000001,0.4,-6.800000000000001
5.24,1.0,38.6,0.0,70.3,-8.200000000000001,-8.200000000000001,45.1,8.575487186130763,22.16284764319288,-0.30000000000000004,-0.30000000000000004,-6.0
5.25,0.0,55.800000000000004,1.8,72.10000000000001,-6.665251314266922,-7.6000000000000005,44.788723525636485,11.100000000000001,21.8,-1.1,1.0,-6.748626940842571
5.26,0.0,67.0,0.0,81.0,-6.300000000000001,-11.9,42.6,9.9,26.5,-2.2431962689156557,-1.1,-7.5
5.2700000000000005,1.4000000000000001,86.80000000000001,0.0,86.4,-9.700000000000001,-8.6,37.6,11.700000000000001,23.8,-0.9,1.9000000000000001,-6.9
5.28,0.0,102.2,0.2,88.80000000000001,-5.0,-9.9,36.6,12.8,24.6,-1.2000000000000002,1.2000000000000002,-7.592998334967459
5.29,0.0,118.80000000000001,0.0,97.10000000000001,-6.300000000000001,-7.0,32.40628005221869,13.5,25.3,-0.7000000000000001,-0.1,-9.9
5.3,0.6000000000000001,133.20000000000002,0.0,101.80000000000001,-7.300000000000001,-7.300000000000001,32.9,14.274646476456919,22.700000000000003,-3.7,-0.6000000000000001,-8.8
5.3100000000000005,0.0,148.6,0.0,109.7,-9.513339683288745,-4.9,32.0,13.587028239502317,24.8,-2.1,-1.0,-8.200000000000001
5.32,0.0,155.0,1.0,115.80000000000001,-8.6,-5.873771831542214,25.6,15.0,24.6,-5.300000000000001,0.5,-12.668675532900728
5.33,3.4000000000000004,158.60000000000002,0.0,125.4,-7.7,-6.300000000000001,23.400000000000002,14.4,24.0,-3.4777859349650013,-1.6,-12.5
5.34,0.0,156.60000000000002,0.0,132.3,-10.091838628018014,-4.191084846943539,21.894253940718194,13.200000000000001,25.1,-3.3000000000000003,-2.0,-9.3
5.3500000000000005,0.4,154.4,0.0,133.20000000000002,-9.0,-5.300000000000001,17.709321484073573,16.8,25.6,-4.1000000000000005,-1.5,-13.4
5.36,0.8,141.4,0.0,137.8,-7.7,-5.1000000000000005,14.600000000000001,17.07419584605367,27.3,-4.2,1.2000000000000002,-10.9
5.37,4.6000000000000005,143.0,77.4,137.9,-9.9,-3.5134362169092244,14.200000000000001,1.5,28.8,-2.9000000000000004,-0.8,-12.406655646061967
5.38,4.4,131.4,80.4,134.0,-7.5273878852400795,-1.5,9.5,1.7000000000000002,24.700000000000003,-5.0,1.7000000000000002,-12.3
5.39,9.4,114.2,87.4,135.1,-10.200000000000001,-2.1,5.1000000000000005,0.8,24.1,-4.6000000000000005,0.2,-12.700000000000001
5.4,14.200000000000001,94.80000000000001,94.0,134.3,-10.0,-2.425685785028366,0.5,3.3000000000000003,25.3,-6.300000000000001,-2.4000000000000004,-12.4
5.41,22.400000000000002,82.2,102.80000000000001,131.70000000000002,-9.5,-0.1,2.1,5.300000000000001,22.097522934921273,-4.7,-0.1,-15.8
5.42,30.6,63.400000000000006,109.80000000000001,127.60000000000001,-8.4,-4.3,0.5,6.0,25.0,-6.800000000000001,-1.4000000000000001,-13.593075122955126
5.43,48.0,51.2,115.4,122.9,-9.945861366300901,-3.5597096763347214,0.6000000000000001,6.618280807781868,23.700000000000003,-9.014647408102086,-0.6000000000000001,-14.4
5.44,54.800000000000004,31.8,124.9,110.80000000000001,-8.3,-2.1,3.9000000000000004,6.310286597522446,24.3,-5.4,-1.6,-15.700000000000001
5.45,77.2,27.200000000000003,128.1,107.4,-8.700000000000001,0.3469924844638221,5.300000000000001,8.471638700664204,23.700000000000003,-6.7,1.1,-11.5
5.46,96.80000000000001,19.8,134.6,102.60000000000001,-7.2,-1.8,9.3,12.4,24.400000000000002,-9.3,0.7000000000000001,-15.200000000000001
5.47,117.0,15.600000000000001,140.5,93.0,-4.5,2.0,9.1,11.4,24.5,-9.600000000000001,3.1,-9.9
5.48,136.6,5.6000000000000005,139.6,87.80000000000001,-7.300000000000001,-0.9,11.0,14.4,24.1,-9.251347760467747,1.4000000000000001,-11.5
5.49,161.20000000000002,7.4,137.6,80.7,-4.6000000000000005,0.585766275509821,13.0,15.5,21.349359059731803,-9.8,-0.4,-14.4
5.51,171.60000000000002,6.0,138.8,76.10000000000001,-5.800000000000001,0.5,14.600000000000001,17.8,21.900000000000002,-9.4,-1.2575180584952976,-11.5
5.5200000000000005,188.8,0.0,135.6,0.0,-6.2,-0.6387689270927701,14.200000000000001,16.6,23.764904423026042,-9.700000000000001,-1.9762877475226088,-13.5
5.53,199.20000000000002,0.2,131.0,0.0,-7.0,-0.4,14.100000000000001,16.038410480879968,21.3,-9.3,-0.5446704599843927,-12.907781880535955
5.54,199.8,1.8,130.9,2.7,-6.300000000000001,1.6,12.3,14.8,20.6,-10.8,-0.4,-13.700000000000001
5.55,198.20000000000002,0.0,117.7,0.0,-5.0,2.7,11.5,13.0,21.8,-11.0,1.6,-12.0
5.5600000000000005,183.20000000000002,0.0,114.4,0.0,-3.2,-0.8,9.700000000000001,13.096066261507115,18.400000000000002,-10.9,-0.7634893302062071,-11.298596210012798
5.57,168.4,1.2000000000000002,104.80000000000001,0.0,-0.9,2.7722537327116434,11.100000000000001,12.600000000000001,19.700000000000003,-9.9,3.542987014536012,-8.76156537362151
5.58,150.8,0.0,98.80000000000001,1.9000000000000001,-1.2000000000000002,2.717066734598719,10.5,14.462705322329168,17.400000000000002,-13.8,5.429367004822375,-7.902185989069728
5.59,131.6,0.0,94.2,0.0,-0.5326299733986339,3.3672933369958336,8.0,12.0,18.7,-12.0,11.100000000000001,-10.200000000000001
5.6000000000000005,108.80000000000001,1.6,87.2,0.0,0.2,2.9000000000000004,5.000175917336855,11.471296558809158,17.6,-10.4,10.192622460169368,-7.800000000000001
5.61,86.2,2.8000000000000003,80.5,0.0,0.7000000000000001,1.6280122273060988,5.481781437340175,11.200000000000001,15.5,-12.100000000000001,16.84943768997178,-9.8
5.62,72.2,1.4000000000000001,75.7,0.0,1.1546198937608805,4.4,1.8,12.100000000000001,14.9,-12.728358727746745,17.7,-6.7
5.63,54.6,0.0,72.4,0.30000000000000004,-0.503139610038678,4.0,14.200000000000001,9.803985056313035,15.600000000000001,-13.531658096190824,22.5,-3.9492524413531434
5.64,38.400000000000006,0.0,72.8,0.7000000000000001,1.6,2.2,10.964341599812101,7.7,11.5,-11.5,26.3,-8.0
5.65,24.0,0.0,64.5,0.0,4.4,2.7,11.200000000000001,8.483842401645559,12.4,-13.3,26.900000000000002,-6.4700151357662845
5.66,15.200000000000001,2.2,68.3,1.7000000000000002,2.3000000000000003,2.8000000000000003,13.4,10.235122193659448,12.9,-13.4,28.8,-3.8882282658597496
5.67,13.0,0.0,65.2,0.2,5.300000000000001,1.1,12.4,9.3,11.0,-11.3,31.3,-3.2
5.68,9.200000000000001,2.0,64.3,0.0,6.308663739091806,5.1000000000000005,11.4,6.0,10.700000000000001,-14.29117781754059,34.300000000000004,-4.800000000000001
5.69,5.4,0.0,61.800000000000004,0.6000000000000001,6.954467520768545,5.6000000000000005,10.975267286142127,6.1000000000000005,7.30742334536182,-11.100000000000001,34.9,-1.3
5.7,3.0,0.0,62.800000000000004,0.0,9.9,4.5,11.100000000000001,5.6000000000000005,7.9,-12.922057472111133,39.800000000000004,-3.4769606663064403
5.71,0.2,0.4,58.1,1.7000000000000002,8.359048222153794,3.6,11.100000000000001,7.299473540740218,8.984427999195308,-13.100000000000001,42.96244358994109,0.14010872063406438
5.72,2.6,0.4,59.2,0.0,10.3,3.442303023987472,8.8,6.1000000000000005,6.4,-12.8,44.6,-0.8
5.73,3.0,0.0,60.6,0.0,9.0,2.2,9.27007132518946,2.7,5.0,-13.100000000000001,45.70366058413536,0.7000000000000001
5.74,0.0,3.8000000000000003,60.800000000000004,1.7000000000000002,10.200000000000001,2.3000000000000003,8.6,2.4415294800434406,7.0,-13.700000000000001,46.7,0.2
5.75,0.0,0.0,58.900000000000006,3.8000000000000003,10.298552502681035,3.0,6.920742229369071,2.9000000000000004,5.488785814002036,-12.600000000000001,48.6,1.1
5.76,0.0,1.8,55.300000000000004,0.0,11.4,4.3,6.6000000000000005,2.8000000000000003,2.8000000000000003,-13.5,51.0,1.6786214236230472
5.7700000000000005,0.0,1.6,58.800000000000004,0.0,14.0,5.800000000000001,7.4,1.0601826480938357,3.5,-12.3159507014931,52.800000000000004,2.8000000000000003
5.78,0.0,0.0,57.300000000000004,0.0,15.029917993220097,3.7,5.831996684441239,2.016859313299476,1.33907925040405,-9.9,51.0,1.9000000000000001
5.79,0.8,0.0,60.6,0.0,16.0,2.946365151507885,6.622038860529943,0.2,1.6087902569192285,-11.700000000000001,53.800000000000004,1.5
5.8,0.8,0.0,59.300000000000004,1.3,16.1,3.5,8.6,2.4000000000000004,1.3,-12.600000000000001,54.5,3.0
5.8100000000000005,2.6,0.0,58.300000000000004,0.1,14.3,5.5,5.9,-2.261421514764731,-0.6000000000000001,-11.9,53.5,2.9000000000000004
5.82,0.8,3.6,65.0,0.0,15.3,1.1,3.8143734146995163,-3.4000000000000004,0.5,-12.357897567601716,55.5,3.5
5.83,0.0,0.0,61.2,0.8,17.400000000000002,2.6509325505974894,6.5,-1.6,-0.0,-12.0,56.0,6.800306992126697
5.84,1.4000000000000001,2.2,62.6,3.9000000000000004,14.600000000000001,3.445815416495442,2.7,-4.2,-1.4000000000000001,-11.747375733135229,54.0,6.1000000000000005
5.8500000000000005,0.0,0.6000000000000001,64.10000000000001,0.0,18.6,1.1240194419129619,2.7,-3.520706952444278,-1.9000000000000001,-10.8,53.300000000000004,6.6000000000000005
5.86,1.8,0.6000000000000001,62.6,0.7000000000000001,19.3,0.9,5.380785135381378,-2.7,-4.800000000000001,-9.996874058008279,56.300000000000004,7.810248354934589
5.87,7.0,0.2,60.400000000000006,0.0,21.6,2.8000000000000003,4.6000000000000005,-2.1,-2.0,-8.3,53.900000000000006,7.784539116449569
5.88,9.4,2.0,61.0,0.0,21.51280091789157,2.2,3.4000000000000004,-3.7,-4.3,-9.700000000000001,52.2,9.8
5.89,15.200000000000001,0.0,66.0,0.7000000000000001,20.900000000000002,2.1,4.021098555910651,-1.6,-5.9,-11.5,50.1,5.6000000000000005
5.9,19.8,3.2,62.300000000000004,0.0,20.900000000000002,3.7,2.9000000000000004,-4.7,-5.1000000000000005,-11.4,48.66703908040726,7.5
5.91,30.0,0.0,68.0,0.0,21.16047102201039,0.4,0.5,-4.3,-4.9,-9.700000000000001,48.800000000000004,8.4
5.92,39.2,1.8,67.9,0.0,22.8,-1.8,-2.0,-6.5,-5.57412236106112,-8.0,45.393934880284625,8.200000000000001
5.93,54.0,0.0,74.7,1.7000000000000002,19.33875422738415,-1.1415949767736198,-0.5894916540010855,-5.336431240368472,-7.9,-9.200000000000001,43.6,10.5
5.94,68.60000000000001,0.0,81.60000000000001,0.0,22.6,-1.4000000000000001,0.9,-7.1000000000000005,-6.1000000000000005,-8.816510057198046,42.54274243066256,11.200000000000001
5.95,83.2,0.0,84.9,0.0,22.1,-0.008475953122127358,-1.2000000000000002,-8.4,-7.4,-7.115400802404672,41.2,13.934606715235383
5.96,101.60000000000001,0.0,92.4,0.0,24.0,-1.8,0.1,-8.1,-7.1000000000000005,-7.800000000000001,40.300000000000004,13.219756617989987
5.97,118.2,0.0,100.7,1.7000000000000002,25.3,-2.1,0.30000000000000004,-9.200000000000001,-8.882676560250477,-6.2,36.1,12.0
5.98,136.4,0.0,103.4,0.8,23.200000000000003,-3.3000000000000003,-1.7000000000000002,-9.3,-6.997098430943003,-8.92521911901117,32.2,13.8
5.99,147.0,0.0,116.0,0.0,25.0,-1.5,0.0,-11.3,-8.200000000000001,-6.1000000000000005,30.200000000000003,11.600000000000001
6.0,155.4,1.0,118.0,3.2,25.5,1.5200045474579509,0.6000000000000001,-11.3,-7.170828880122962,-8.436514991322184,29.3,14.5
6.01,159.0,0.0,125.2,0.0,25.200000000000003,-3.9000000000000004,-1.3,-9.1,-10.600000000000001,-5.6000000000000005,26.3,15.0
6.0200000000000005,161.0,0.0,128.6,0.0,24.6,-3.8000000000000003,-1.5453106633312375,-13.9,-10.5,-4.4,23.42942611284017,14.4
6.03,154.0,1.8,135.9,0.5,22.8,-5.6543314507338955,-0.9,-14.104335526202181,-9.200000000000001,-7.0,20.1,15.8
6.04,143.20000000000002,2.0,138.8,77.7,23.241745023478977,-7.1000000000000005,-1.1592387881606587,-14.100000000000001,-7.9,-8.3,17.3,-2.076659241618695
6.05,127.2,5.0,140.20000000000002,82.0,23.0,-5.300000000000001,0.4,-13.700000000000001,-7.1000000000000005,-3.7,12.3,-0.6000000000000001
6.0600000000000005,112.0,8.6,137.70000000000002,89.7,25.6,-5.1000000000000005,-0.30000000000000004,-12.753866577367239,-9.552926709408963,-3.3465518338274944,10.5,3.030800726837659
6.07,96.2,15.600000000000001,133.4,94.0,25.1,-8.33358586063886,-1.1420046158898363,-13.28665380744967,-8.05331804460442,-4.2,5.6000000000000005,5.175808418131158
6.08,81.4,21.200000000000003,132.8,100.4,25.282495682784948,-3.3372266718073047,0.0002707904158838828,-12.0,-7.7,-2.2,4.0,6.300000000000001
6.09,62.800000000000004,30.6,124.5,106.10000000000001,23.200000000000003,-5.2,0.5,-11.100000000000001,-6.9,-2.6,0.6000000000000001,6.324564178966498
6.1000000000000005,47.6,39.400000000000006,121.0,114.30000000000001,25.0,-6.6000000000000005,1.6,-11.100000000000001,-6.7,-1.9000000000000001,3.1,6.9
6.11,33.0,58.800000000000004,115.2,122.2,25.0,-7.9,-1.1,-13.700000000000001,-9.0,-2.0,3.2,8.1
6.12,27.6,75.2,113.0,127.5,21.0,-7.800000000000001,-2.9000000000000004,-13.0,-8.0,-3.8000000000000003,3.3000000000000003,9.0
6.13,19.0,94.60000000000001,101.5,129.70000000000002,21.91160177918814,-8.200000000000001,-0.6000000000000001,-15.200000000000001,-10.8,-0.8,6.428208194153035,9.227380685955032
6.140000000000001,14.4,115.2,95.4,138.6,20.400000000000002,-8.702765294673814,-2.1,-15.100000000000001,-6.9,-2.9000000000000004,9.700000000000001,12.734239254665104
6.15,9.8,135.8,88.10000000000001,140.3,21.700000000000003,-8.200000000000001,-2.5,-14.785602302896978,-7.471054799900663,-0.8512304493760047,10.200000000000001,13.200000000000001
6.16,5.0,160.8,80.4,141.3,21.199232715018475,-7.653190110626151,-0.4,-13.100000000000001,-7.800000000000001,0.6000000000000001,12.485385380098181,15.8
6.17,3.6,172.8,78.2,137.4,23.0,-6.6000000000000005,1.2000000000000002,-14.0,-5.2,-0.2,12.8,15.200000000000001
6.18,2.4000000000000004,187.4,0.0,136.0,21.6,-10.9,-1.1,-14.600000000000001,-4.901267024425078,0.9,15.4,15.99885378305017
6.19,0.4,200.60000000000002,0.0,132.70000000000002,22.5,-10.9,0.20130691527190647,-12.582849874546943,-2.6,1.0,14.200000000000001,17.3
6.2,1.0,201.0,0.0,127.80000000000001,20.3,-10.100000000000001,0.43370071887583816,-13.700000000000001,-4.6000000000000005,3.8000000000000003,13.5,16.700418961549374
6.21,1.4000000000000001,195.0,0.0,121.30000000000001,20.200000000000003,-11.8,0.5,-9.44602386244062,-1.03368410408088,2.8000000000000003,14.4,13.0
6.22,1.6,188.4,0.5,111.4,18.5,-11.8,-1.3,-11.100000000000001,-2.6,2.2,13.343427017744355,13.600000000000001
6.23,0.0,170.8,0.0,109.10000000000001,17.3,-10.8,0.9,-8.700000000000001,-2.0,4.0,11.100000000000001,12.9
6.24,0.4,152.6,0.0,97.7,18.900000000000002,-10.5,4.3,-9.9,-3.6,1.9000000000000001,7.800000000000001,11.3
6.25,1.2000000000000002,131.0,0.30000000000000004,89.60000000000001,18.844202376862984,-10.3,9.700000000000001,-10.200000000000001,0.6000000000000001,1.6,6.1000000000000005,12.200000000000001
6.26,1.4000000000000001,110.0,0.9,81.30000000000001,17.400874853294876,-12.3,12.841306750104238,-6.800000000000001,-2.0,0.9,4.286826093065399,9.9
6.2700000000000005,2.2,89.4,0.4,84.2,16.0,-11.700000000000001,14.0,-7.605435019867561,0.3544470508971895,2.5,2.053997343571994,10.4
6.28,0.8,72.8,0.0,78.80000000000001,14.045996581371206,-12.100000000000001,20.8,-4.800000000000001,3.5731444968365946,3.716036602511342,1.0137801262460964,11.759817822010119
6.29,1.2000000000000002,52.400000000000006,1.2000000000000002,71.5,15.8,-12.5,20.04396757915098,-7.1000000000000005,2.9840257999597544,5.0,13.200000000000001,10.835212095881824
6.3,0.0,38.400000000000006,0.0,66.0,14.3,-13.6528620784742,25.5,-6.542242798955829,1.4000000000000001,3.1,11.88626476165259,10.003348818871267
6.3100000000000005,0.0,25.0,0.0,67.9,15.3,-14.0,29.0,-4.2,4.662984961591805,5.300000000000001,10.8,8.609443472164422
6.32,1.8,19.200000000000003,2.3000000000000003,62.7,10.669934255053022,-12.12720852589471,30.1069672133479,-3.618414117062805,4.2,1.5,9.9,8.200000000000001
6.33,0.0,15.600000000000001,0.2,63.7,12.284553675769569,-14.0,31.8,-4.1000000000000005,3.6,2.5,10.700000000000001,7.5
6.34,0.4,10.4,0.1,60.7,11.200000000000001,-15.200000000000001,34.4,0.30000000000000004,2.8724765329612456,3.4000000000000004,10.865372488823551,7.2
6.3500000000000005,2.4000000000000004,4.0,0.0,60.2,9.3,-13.200000000000001,37.4,-3.5,6.458354546456088,3.6,10.64346580620541,6.300000000000001
6.36,2.2,3.2,0.0,61.1,10.528134524009614,-11.4,41.300000000000004,-4.1000000000000005,7.2,4.527720530666036,9.600000000000001,5.6000000000000005
6.37,0.8,0.0,3.9000000000000004,61.0,8.6,-16.5,40.7,-3.2,8.902367697206298,4.6000000000000005,10.100000000000001,5.2
6.38,0.0,0.0,0.0,59.900000000000006,6.1000000000000005,-13.518065285202855,42.0,-1.7678400975663122,7.5,5.556500229929995,10.600000000000001,4.462144065648612
6.390000000000001,0.0,1.0,0.0,62.6,6.328361073559337,-12.3,46.5,0.9,10.0,4.4514837413504775,10.200000000000001,4.810182253190634
6.4,1.6,0.0,0.0,62.800000000000004,4.5,-15.3,48.41790422302117,-0.5,11.3,3.9000000000000004,9.713723953403425,3.5
6.41,0.0,0.0,0.30000000000000004,62.6,4.3,-13.259196801435536,51.6,2.115626994972703,13.700000000000001,2.5,7.344052968951024,5.2
6.42,0.0,1.4000000000000001,0.0,59.6,4.9,-14.3,49.0,1.3,11.4,5.7,9.5,0.8
6.43,1.8,0.0,0.0,59.300000000000004,4.5232183273956705,-14.0,51.55885198624126,2.7,13.700000000000001,2.9000000000000004,7.5,2.4000000000000004
6.44,0.6000000000000001,0.0,0.0,62.300000000000004,2.8000000000000003,-13.200000000000001,54.2,2.4000000000000004,14.062631819117357,3.2,7.208297868229408,0.6000000000000001
6.45,0.0,0.0,0.1,58.300000000000004,0.9,-13.876515850914794,53.6987916010844,3.0495572698735316,14.3,2.4000000000000004,4.9,0.1
6.46,0.8,0.0,0.0,58.7,1.5,-13.8,53.900000000000006,4.0,14.0,4.910028868731945,4.9,0.9
6.47,2.0,0.0,0.0,60.0,1.2000000000000002,-12.3,55.5,2.9000000000000004,15.200000000000001,3.2,5.4,-1.2000000000000002
6.48,0.0,0.0,1.2000000000000002,59.400000000000006,-2.76403885353347,-9.3,54.1,3.5,18.1,4.0,7.1000000000000005,-0.9
6.49,0.0,3.0,0.0,59.6,-1.0,-10.852768357134238,55.800000000000004,5.2,17.400000000000002,2.1,4.4,-2.1
6.51,0.0,0.0,0.9,58.5,-2.0,-10.4,53.1,7.667215442437268,17.6,4.7,5.5,-2.1
6.5200000000000005,0.6000000000000001,1.6,0.7000000000000001,61.800000000000004,-1.3,-10.360685163698445,52.5,4.0,18.6,2.222383138923352,6.1000000000000005,-3.5
6.53,1.6,3.8000000000000003,2.7,60.7,-2.5797453827056187,-11.9,53.400000000000006,4.0,18.5,3.1,2.3000000000000003,-1.7000000000000002
6.54,0.0,3.6,0.0,61.6,-2.9863914855527764,-10.428490394968627,49.939785670424236,6.7,20.1,0.1,1.2563863659625774,-5.1000000000000005
6.55,0.0,10.4,1.9000000000000001,63.0,-4.800000000000001,-9.174027314058733,52.1,8.789705423618543,19.0,-0.1,1.2000000000000002,-7.6000000000000005
6.5600000000000005,1.8,13.8,0.0,65.3,-4.7,-9.200000000000001,48.800000000000004,8.230964021632294,21.700000000000003,-0.4,1.7000000000000002,-5.5
6.57,0.0,19.0,0.0,66.60000000000001,-4.1000000000000005,-9.745143476843989,49.900000000000006,7.300000000000001,22.200000000000003,0.5,3.2,-4.2
6.58,0.8,28.200000000000003,0.0,68.2,-5.800000000000001,-8.9,48.300000000000004,9.4,20.400000000000002,1.6,3.3000000000000003,-3.4000000000000004
6.59,0.0,37.0,0.8,70.3,-6.0,-6.300000000000001,46.400000000000006,7.771569160239343,23.700000000000003,-2.1,2.9529940513710375,-6.1000000000000005
6.6000000000000005,0.4,52.0,0.0,75.10000000000001,-8.5,-7.9,45.1,11.200000000000001,20.424276862992297,0.4,-0.8,-6.9
6.61,3.0,67.0,0.9,77.60000000000001,-7.1000000000000005,-8.868216722125853,42.89556971510381,10.600000000000001,22.5,-1.4000000000000001,0.6000000000000001,-7.1000000000000005
6.62,5.2,83.0,3.3000000000000003,83.10000000000001,-9.8,-8.200000000000001,40.156959393543346,11.465372184632912,24.1,-2.1,-1.2000000000000002,-7.5
6.63,0.0,101.60000000000001,2.1,92.0,-8.3,-9.0,40.400000000000006,12.592761255699385,23.58326497781441,-1.3105133733774634,-0.2,-10.4
6.640000000000001,1.4000000000000001,117.60000000000001,2.1,97.2,-7.9,-4.6000000000000005,36.300000000000004,12.9,21.6,-2.2112244891316073,-0.1,-10.100000000000001
6.65,0.0,134.20000000000002,0.0,102.4,-7.304107498692249,-5.1000000000000005,34.2,12.588372649015751,22.400000000000002,-2.1115520478672445,-1.7000000000000002,-10.54580116499049
6.66,1.8,148.0,1.3,110.5,-9.600000000000001,-6.5,31.900000000000002,15.100000000000001,21.0,-2.8000000000000003,1.6,-10.8
6.67,1.6,156.20000000000002,0.0,114.5,-8.1,-3.6,28.6,15.3,23.200000000000003,-2.8347244152038984,-1.459943856499771,-11.157679123335935
6.68,2.8000000000000003,161.8,0.0,124.4,-6.9,-5.1000000000000005,27.400000000000002,12.8,26.0,-3.7,0.7000000000000001,-12.200000000000001
6.69,0.2,157.0,2.8000000000000003,128.3,-9.5,-5.9,22.200000000000003,15.200000000000001,25.1,-4.0,2.9000000000000004,-10.8
6.7,0.0,152.6,0.0,137.5,-10.70329122566707,-3.9000000000000004,18.900000000000002,14.8,26.0,-2.7,1.5,-11.9
6.71,1.6,144.4,2.0,137.5,-8.5,-4.1000000000000005,15.100000000000001,15.100000000000001,25.6,-4.6000000000000005,0.9538727936878708,-12.8
