Time,L_Hip_Vert,L_Knee,L_Ankle,R_Hip_Vert,R_Knee,R_Ankle
0.02,3.74,178.75,125.61,-9.42,178.98,95.77
0.04,2.53,177.94,126.14,-8.03,179.0,95.58
0.06,1.2,177.22,126.75,-6.53,179.03,95.58
0.08,-0.14,176.47,127.19,-4.88,179.01,95.72
0.1,-1.29,175.76,127.57,-3.14,178.98,96.1
0.12,-2.53,175.12,127.82,-1.34,178.94,96.49
0.14,-3.87,174.51,127.95,0.46,178.91,97.19
0.16,-4.99,173.85,127.87,2.26,178.87,98.01
0.18,-6.14,173.27,127.88,4.08,178.86,98.89
0.2,-7.36,172.84,127.72,5.83,178.86,99.65
0.22,-8.42,172.35,127.39,7.61,178.88,100.71
0.24,-9.5,172.1,127.11,-19.54,176.93,109.51
0.26,-10.56,171.8,126.72,-16.32,174.36,104.91
0.28,-11.42,171.71,126.1,-13.31,171.83,100.52
0.3,-12.23,171.57,125.48,-10.34,169.43,96.49
0.32,-12.93,171.56,124.68,-7.53,167.12,92.57
0.34,-13.49,171.49,123.68,-4.89,164.98,88.85
0.36,-14.02,171.67,122.71,-2.62,163.0,85.5
0.38,-14.35,171.78,121.59,-0.52,161.34,82.57
0.4,-14.68,172.05,120.39,1.41,159.84,79.99
0.42,-15.01,172.37,119.31,2.75,158.68,77.95
0.44,-15.26,172.77,118.17,3.91,157.81,76.43
0.46,-15.34,173.18,116.85,4.62,157.26,75.51
0.48,-15.48,173.68,115.7,5.05,157.06,75.13
0.5,-15.51,179.51,114.39,4.92,157.18,75.25
0.52,-15.36,179.44,113.09,4.58,157.51,75.83
0.54,-15.09,179.39,111.81,3.65,158.15,76.99
0.56,-14.78,179.43,110.57,2.51,159.04,78.62
0.58,-14.44,179.43,109.36,0.95,160.19,80.74
0.6,-13.77,179.42,108.3,-0.95,161.66,83.29
0.62,-13.25,179.48,107.24,-3.1,163.49,86.33
0.64,-12.66,179.54,106.32,-5.53,165.46,89.77
0.66,-11.88,179.49,105.41,-8.21,167.69,93.52
0.68,-11.15,179.46,104.5,-11.13,170.01,97.44
0.7,-10.43,179.47,103.74,-14.24,172.56,101.74
0.72,-9.66,179.44,103.05,-17.43,175.08,106.15
0.74,-8.7,179.44,102.63,-20.47,177.77,110.68
0.76,-7.72,179.4,102.25,7.07,178.54,125.46
0.78,-6.5,179.46,102.04,5.32,177.43,126.54
0.8,-5.37,179.47,101.96,3.66,176.24,127.39
0.82,-4.06,179.52,102.06,1.9,175.16,128.27
0.84,-2.77,179.54,102.09,0.05,173.95,128.87
0.86,-1.64,179.66,102.38,-1.77,172.88,129.49
0.88,-0.46,179.66,102.65,-3.38,171.93,129.91
0.9,0.8,179.57,103.03,-4.94,171.01,130.21
0.92,2.21,179.52,103.48,-6.47,170.11,130.3
0.94,3.59,179.46,103.95,-7.99,169.43,130.43
0.96,4.91,179.4,104.57,-9.36,168.84,130.13
0.98,-14.37,178.53,114.56,-10.76,168.29,129.79
1.0,-11.71,177.14,112.46,-12.06,167.83,129.2
1.02,-9.23,175.79,110.37,-13.32,167.56,128.45
1.04,-6.69,174.42,108.41,-14.5,167.3,127.62
1.06,-4.1,173.11,106.4,-15.52,167.03,126.69
1.08,-1.82,171.83,104.49,-16.4,166.93,125.47
1.1,0.21,170.71,102.81,-17.33,167.07,124.28
1.12,2.07,169.66,101.26,-18.11,167.22,123.01
1.14,3.65,168.8,99.88,-18.68,167.53,121.33
1.16,4.98,168.14,98.83,-19.18,167.99,119.7
1.18,5.92,167.59,98.11,-19.65,168.61,118.13
1.2,6.72,167.32,97.48,-19.84,169.22,116.47
1.22,7.1,167.15,97.18,-19.93,170.02,114.59
1.24,7.11,167.12,97.19,-19.9,179.19,112.82
1.26,6.9,167.16,97.34,-19.92,179.21,111.16
1.28,6.51,167.5,97.82,-19.79,179.09,109.38
1.3,5.7,167.83,98.52,-19.51,179.08,107.6
1.32,4.73,168.42,99.32,-19.17,178.96,105.89
1.34,3.44,169.26,100.4,-18.73,178.97,104.35
1.36,1.68,170.18,101.75,-17.91,178.92,102.76
1.38,-0.29,171.22,103.22,-17.11,178.96,101.32
1.4,-2.28,172.35,104.93,-16.24,178.87,100.11
1.42,-4.64,173.58,106.86,-15.27,178.9,99.07
1.44,-6.99,174.86,108.72,-14.25,178.87,98.06
1.46,-9.67,176.21,110.75,-13.22,178.89,97.32
1.48,-12.25,177.65,112.76,-12.01,178.94,96.68
1.5,4.99,179.63,124.85,-10.64,178.93,96.17
1.52,3.64,178.84,125.51,-9.15,178.96,95.89
1.54,2.22,178.03,126.22,-7.72,179.02,95.76
1.56,0.95,177.34,126.76,-6.16,179.02,95.72
1.58,-0.41,176.57,127.18,-4.53,178.97,95.87
1.6,-1.66,175.79,127.58,-2.9,179.0,96.11
1.62,-2.78,175.11,127.88,-1.16,179.03,96.54
1.64,-4.04,174.46,127.93,0.56,179.0,97.31
1.66,-5.12,173.84,127.97,2.26,179.0,97.96
1.68,-6.27,173.31,127.99,3.93,179.04,98.81
1.7,-7.31,172.91,127.78,5.65,179.01,99.83
1.72,-8.42,172.48,127.49,7.39,178.99,100.81
1.74,-9.39,172.16,127.14,-19.63,177.03,109.54
1.76,-10.21,171.91,126.67,-16.39,174.43,105.07
1.78,-11.01,171.7,126.03,-13.23,171.85,100.7
1.8,-11.79,171.6,125.34,-10.22,169.42,96.43
1.82,-12.56,171.63,124.53,-7.47,167.12,92.36
1.84,-13.18,171.65,123.62,-4.8,165.02,88.74
1.86,-13.79,171.72,122.69,-2.51,163.08,85.51
1.88,-14.37,171.8,121.65,-0.4,161.42,82.56
1.9,-14.81,172.02,120.55,1.49,159.93,80.1
1.92,-15.05,172.31,119.37,2.98,158.71,78.21
1.94,-15.25,172.67,118.08,3.94,157.78,76.64
1.96,-15.37,173.07,116.65,4.73,157.18,75.62
1.98,-15.42,173.59,115.31,5.05,156.86,75.13
2.0,-15.43,179.47,114.07,4.96,156.95,75.25
2.02,-15.34,179.46,112.72,4.4,157.33,75.82
2.04,-15.19,179.48,111.66,3.69,157.99,76.97
2.06,-14.89,179.52,110.49,2.45,158.9,78.53
2.08,-14.38,179.56,109.4,0.91,160.11,80.71
2.1,-13.75,179.56,108.3,-1.05,161.62,83.23
2.12,-13.17,179.54,107.38,-3.05,163.39,86.23
2.14,-12.47,179.52,106.38,-5.66,165.28,89.61
2.16,-11.77,179.5,105.59,-8.22,167.52,93.37
2.18,-11.16,179.49,104.85,-10.96,169.91,97.49
2.2,-10.45,179.44,104.12,-14.04,172.45,101.84
2.22,-9.55,179.47,103.49,-17.19,174.97,106.37
2.24,-8.42,179.45,102.89,-20.35,177.7,110.86
2.26,-7.4,179.51,102.44,7.13,178.46,125.69
2.28,-6.17,179.49,102.15,5.22,177.24,126.52
2.3,-5.03,179.5,101.99,3.47,176.08,127.32
2.32,-3.94,179.47,101.92,1.72,174.99,128.01
2.34,-2.82,179.54,102.07,0.11,173.93,128.81
2.36,-1.5,179.5,102.35,-1.63,173.03,129.37
2.38,-0.18,179.57,102.65,-3.27,172.07,129.92
2.4,1.06,179.53,103.11,-4.93,171.2,130.28
2.42,2.56,179.55,103.53,-6.58,170.35,130.57
2.44,3.72,179.53,104.0,-8.16,169.59,130.44
2.46,5.05,179.53,104.5,-9.51,168.79,130.33
2.48,-14.2,178.67,114.34,-10.9,168.29,129.99
2.5,-11.56,177.28,112.12,-12.14,167.74,129.41
2.52,-9.09,175.91,110.06,-13.29,167.41,128.67
2.54,-6.47,174.61,108.11,-14.5,167.09,127.9
2.56,-4.15,173.3,106.24,-15.58,166.98,126.83
2.58,-2.17,172.03,104.47,-16.48,166.95,125.6
2.6,-0.04,170.99,102.9,-17.31,167.02,124.32
2.62,1.77,170.01,101.48,-18.06,167.18,122.96
2.64,3.39,169.05,100.14,-18.58,167.59,121.42
2.66,4.69,168.33,99.02,-19.14,167.95,119.85
2.68,5.95,167.77,98.18,-19.59,168.49,118.17
2.7,6.64,167.27,97.46,-19.72,169.12,116.42
2.72,7.13,166.94,97.1,-19.87,169.87,114.59
2.74,7.27,166.86,97.07,-19.94,179.02,112.73
2.76,7.05,166.95,97.32,-19.88,179.11,110.88
2.78,6.44,167.24,97.76,-19.65,179.09,109.14
2.8,5.77,167.74,98.39,-19.47,179.14,107.44
2.82,4.56,168.43,99.25,-19.08,179.11,105.71
2.84,3.12,169.19,100.2,-18.45,179.13,104.2
2.86,1.56,170.14,101.48,-17.7,179.04,102.75
2.88,-0.3,171.16,103.03,-17.03,179.08,101.4
2.9,-2.58,172.29,104.76,-16.27,179.04,100.1
2.92,-4.84,173.49,106.53,-15.23,179.04,98.98
2.94,-7.25,174.79,108.61,-14.29,178.99,98.05
2.96,-9.79,176.14,110.62,-13.18,179.03,97.26
2.98,-12.45,177.57,112.69,-12.03,179.0,96.52
3.0,5.01,179.52,124.72,-10.57,179.01,96.11
3.02,3.72,178.74,125.42,-9.3,179.07,95.73
3.04,2.38,178.1,126.05,-7.76,179.1,95.55
3.06,1.07,177.31,126.67,-6.28,179.13,95.62
3.08,-0.29,176.56,127.14,-4.64,179.11,95.82
3.1,-1.45,175.82,127.61,-3.08,179.08,96.11
3.12,-2.61,175.12,127.9,-1.29,179.05,96.71
3.14,-3.92,174.38,127.93,0.4,179.05,97.25
3.16,-5.07,173.87,127.93,2.18,179.07,97.87
3.18,-6.22,173.41,127.95,4.12,179.07,98.77
3.2,-7.37,172.95,127.89,5.85,179.09,99.69
3.22,-8.35,172.53,127.59,7.7,179.0,100.64
3.24,-9.3,172.23,127.25,-19.43,176.98,109.59
3.26,-10.18,171.89,126.7,-16.32,174.36,105.14
3.28,-10.93,171.66,126.02,-13.39,171.83,100.74
3.3,-11.71,171.56,125.24,-10.32,169.42,96.55
3.32,-12.36,171.47,124.46,-7.54,167.18,92.61
3.34,-12.95,171.53,123.61,-4.94,165.07,88.89
3.36,-13.62,171.71,122.63,-2.44,163.07,85.56
3.38,-14.18,171.83,121.68,-0.36,161.39,82.59
3.4,-14.69,172.05,120.54,1.43,159.81,80.09
3.42,-15.13,172.42,119.33,2.75,158.63,78.0
3.44,-15.31,172.76,118.01,3.87,157.67,76.47
3.46,-15.37,173.15,116.67,4.55,157.17,75.4
3.48,-15.3,173.75,115.35,4.95,156.92,74.9
3.5,-15.2,179.61,114.12,4.75,157.08,74.99
3.52,-14.97,179.57,112.82,4.4,157.5,75.65
3.54,-14.8,179.51,111.61,3.59,158.19,76.83
3.56,-14.33,179.46,110.53,2.39,159.17,78.51
3.58,-13.97,179.39,109.23,0.95,160.42,80.73
3.6,-13.56,179.46,108.05,-0.82,161.91,83.36
3.62,-13.2,179.47,107.05,-2.96,163.66,86.41
3.64,-12.52,179.53,106.02,-5.35,165.63,89.76
3.66,-12.03,179.55,105.13,-8.14,167.71,93.54
3.68,-11.25,179.6,104.36,-11.05,169.99,97.57
3.7,-10.31,179.62,103.72,-14.05,172.45,101.81
3.72,-9.33,179.62,103.11,-17.23,174.92,106.11
3.74,-8.46,179.6,102.63,-20.48,177.62,110.67
3.76,-7.52,179.63,102.32,7.08,178.38,125.54
3.78,-6.52,179.62,102.12,5.22,177.26,126.48
3.8,-5.36,179.59,101.93,3.46,176.12,127.34
3.82,-4.16,179.63,101.93,1.63,174.98,128.26
3.84,-2.97,179.64,102.16,-0.19,173.87,128.96
3.86,-1.6,179.62,102.24,-1.84,172.78,129.5
3.88,-0.26,179.64,102.57,-3.53,171.8,129.9
3.9,0.92,179.6,103.01,-5.12,170.87,130.27
3.92,2.24,179.6,103.49,-6.61,170.17,130.43
3.94,3.67,179.65,103.96,-8.15,169.45,130.39
3.96,4.92,179.67,104.58,-9.67,168.86,130.18
3.98,-14.44,178.82,114.47,-10.91,168.35,129.93
4.0,-11.68,177.38,112.31,-12.29,167.9,129.42
4.02,-9.02,175.96,110.11,-13.55,167.49,128.67
4.04,-6.43,174.56,107.92,-14.55,167.22,127.86
4.06,-4.05,173.27,106.02,-15.49,167.08,126.84
4.08,-1.9,171.98,104.29,-16.5,167.06,125.65
4.1,0.16,170.86,102.51,-17.3,167.2,124.33
4.12,1.96,169.86,101.02,-17.92,167.38,122.96
4.14,3.52,169.0,99.91,-18.46,167.62,121.46
4.16,5.21,168.28,98.91,-18.95,167.99,119.85
4.18,6.36,167.76,98.02,-19.32,168.45,118.1
4.2,7.15,167.34,97.5,-19.6,169.04,116.34
4.22,7.62,167.07,97.19,-19.89,169.69,114.57
4.24,7.75,167.03,97.13,-20.0,179.01,112.77
4.26,7.26,167.12,97.15,-19.96,179.1,111.0
4.28,6.76,167.47,97.53,-19.7,179.13,109.23
4.3,5.8,167.9,98.21,-19.31,179.12,107.62
4.32,4.6,168.56,99.07,-18.93,179.16,105.96
4.34,3.12,169.29,100.14,-18.37,179.04,104.37
4.36,1.49,170.22,101.6,-17.81,178.99,102.84
4.38,-0.3,171.16,103.19,-17.17,178.97,101.52
4.4,-2.48,172.32,104.9,-16.34,178.93,100.19
4.42,-4.7,173.57,106.78,-15.19,178.95,99.12
4.44,-7.21,174.88,108.67,-14.03,178.97,98.15
4.46,-9.79,176.17,110.69,-12.79,178.9,97.39
4.48,-12.5,177.6,112.79,-11.55,178.86,96.71
4.5,4.98,179.56,124.94,-10.23,178.89,96.18
4.52,3.53,178.73,125.73,-8.9,178.95,95.83
4.54,2.27,177.96,126.4,-7.63,178.97,95.69
4.56,1.05,177.2,126.82,-6.04,178.99,95.67
4.58,-0.37,176.51,127.24,-4.44,179.04,95.92
4.6,-1.63,175.71,127.66,-2.8,179.0,96.35
4.62,-2.8,175.06,127.77,-1.13,178.97,96.77
4.64,-4.0,174.45,127.86,0.63,178.94,97.3
4.66,-5.07,173.95,128.01,2.33,178.98,98.04
4.68,-6.11,173.38,127.95,4.06,179.01,98.83
4.7,-7.34,172.94,127.84,5.79,179.02,99.66
4.72,-8.36,172.62,127.62,7.49,178.93,100.75
4.74,-9.33,172.22,127.29,-19.64,176.95,109.66
4.76,-10.33,171.81,126.82,-16.45,174.39,105.17
4.78,-11.28,171.62,126.26,-13.27,171.75,100.71
4.8,-11.92,171.49,125.5,-10.16,169.26,96.47
4.82,-12.6,171.33,124.66,-7.28,167.0,92.45
4.84,-13.12,171.43,123.74,-4.65,164.91,88.66
4.86,-13.82,171.61,122.65,-2.39,162.99,85.38
4.88,-14.26,171.74,121.63,-0.35,161.33,82.49
4.9,-14.67,171.95,120.44,1.38,159.96,80.19
4.92,-15.06,172.33,119.2,2.87,158.84,78.25
4.94,-15.22,172.7,117.97,3.9,157.87,76.8
4.96,-15.24,173.13,116.75,4.68,157.23,75.74
4.98,-15.36,173.71,115.52,4.95,156.97,75.31
5.0,-15.22,179.58,114.2,4.85,157.04,75.31
5.02,-14.9,179.49,112.94,4.42,157.34,75.75
5.04,-14.74,179.44,111.8,3.65,158.07,76.82
5.06,-14.58,179.45,110.55,2.5,158.95,78.46
5.08,-14.14,179.39,109.29,1.06,160.17,80.6
5.1,-13.65,179.42,108.18,-0.78,161.69,83.16
5.12,-13.3,179.49,107.15,-3.03,163.43,86.32
5.14,-12.72,179.47,106.1,-5.45,165.41,89.77
5.16,-11.86,179.52,105.27,-8.12,167.69,93.45
5.18,-11.12,179.51,104.53,-10.96,170.04,97.5
5.2,-10.37,179.56,104.03,-14.02,172.49,101.69
5.22,-9.64,179.56,103.46,-17.24,175.05,105.97
5.24,-8.77,179.62,103.02,-20.42,177.65,110.54
5.26,-7.82,179.59,102.63,7.01,178.39,125.46
5.28,-6.76,179.61,102.32,5.13,177.26,126.39
5.3,-5.5,179.59,102.09,3.41,176.09,127.3
5.32,-4.2,179.62,102.03,1.74,175.02,128.19
5.34,-2.94,179.61,102.11,-0.01,173.98,128.87
5.36,-1.66,179.62,102.36,-1.66,172.86,129.35
5.38,-0.2,179.6,102.62,-3.24,171.93,129.77
5.4,0.9,179.63,103.03,-4.98,171.03,130.12
5.42,2.4,179.56,103.57,-6.46,170.21,130.29
5.44,3.77,179.61,104.08,-8.01,169.48,130.3
5.46,5.03,179.59,104.49,-9.51,168.85,130.14
5.48,-14.39,178.68,114.44,-10.91,168.21,129.81
5.5,-11.62,177.2,112.31,-12.22,167.75,129.18
5.52,-9.14,175.8,110.13,-13.48,167.35,128.49
5.54,-6.62,174.41,108.05,-14.67,167.12,127.7
5.56,-4.18,173.09,106.19,-15.75,167.0,126.68
5.58,-1.96,171.92,104.45,-16.77,166.98,125.51
5.6,0.12,170.74,102.75,-17.43,167.08,124.34
5.62,2.12,169.75,101.25,-18.21,167.26,122.97
5.64,3.62,168.77,99.99,-18.68,167.49,121.37
5.66,5.13,168.02,98.92,-19.13,167.94,119.79
5.68,6.03,167.5,97.99,-19.53,168.46,118.04
5.7,6.72,167.2,97.44,-19.93,169.06,116.28
5.72,7.08,166.99,97.08,-19.99,169.79,114.53
5.74,7.31,166.98,97.06,-20.13,178.92,112.76
5.76,6.92,167.14,97.32,-20.05,178.92,110.99
5.78,6.53,167.39,97.83,-19.76,179.0,109.32
5.8,5.68,167.77,98.39,-19.37,179.0,107.58
5.82,4.48,168.41,99.33,-18.96,179.03,105.78
5.84,3.12,169.23,100.4,-18.34,179.11,104.21
5.86,1.53,170.12,101.63,-17.69,179.05,102.73
5.88,-0.4,171.14,103.13,-17.02,179.05,101.34
5.9,-2.41,172.33,104.79,-16.22,179.06,100.04
5.92,-4.63,173.43,106.68,-15.32,179.11,99.02
5.94,-7.06,174.7,108.62,-14.41,179.06,98.05
5.96,-9.59,176.06,110.74,-13.3,179.17,97.21
5.98,-12.22,177.43,112.85,-11.98,179.13,96.61
6.0,5.03,179.35,125.05,-10.64,179.15,96.16
6.02,3.73,178.71,125.64,-9.27,179.1,95.76
6.04,2.39,177.98,126.21,-7.8,179.11,95.57
6.06,1.04,177.23,126.75,-6.23,179.09,95.54
6.08,-0.19,176.56,127.1,-4.72,179.07,95.71
6.1,-1.33,175.92,127.48,-3.03,178.98,95.99
6.12,-2.67,175.22,127.81,-1.29,178.93,96.45
6.14,-3.88,174.58,127.95,0.37,178.93,97.0
6.16,-5.06,174.0,127.94,2.08,178.9,97.8
6.18,-6.22,173.47,127.99,3.82,178.89,98.6
6.2,-7.31,172.97,127.84,5.53,179.01,99.59
6.22,-8.24,172.56,127.5,7.27,178.98,100.58
6.24,-9.19,172.24,127.2,-19.84,177.02,109.47
6.26,-9.99,172.02,126.77,-16.64,174.34,105.0
6.28,-10.82,171.78,126.2,-13.5,171.83,100.6
6.3,-11.63,171.68,125.51,-10.47,169.35,96.43
6.32,-12.41,171.6,124.67,-7.64,167.14,92.46
6.34,-13.08,171.67,123.77,-4.98,164.97,88.84
6.36,-13.73,171.7,122.85,-2.56,163.15,85.55
6.38,-14.19,171.95,121.72,-0.44,161.46,82.66
6.4,-14.59,172.15,120.52,1.31,160.04,80.13
6.42,-14.93,172.42,119.39,2.84,158.84,78.14
6.44,-15.03,172.71,118.12,4.05,158.0,76.59
6.46,-15.22,173.16,116.65,4.69,157.35,75.52
6.48,-15.36,173.61,115.42,5.1,157.06,75.01
6.5,-15.29,179.48,114.15,5.11,157.14,75.09
6.52,-15.05,179.48,112.81,4.52,157.54,75.69
6.54,-14.94,179.5,111.58,3.68,158.15,76.8
6.56,-14.53,179.59,110.47,2.66,159.15,78.42
6.58,-14.06,179.64,109.29,1.02,160.32,80.53
6.6,-13.74,179.63,108.17,-0.94,161.8,83.08
6.62,-13.25,179.66,107.16,-2.98,163.54,86.06
6.64,-12.71,179.66,106.16,-5.44,165.48,89.53
6.66,-11.99,179.61,105.3,-8.16,167.6,93.29
6.68,-11.23,179.51,104.52,-10.95,169.97,97.41
6.7,-10.38,179.48,103.81,-13.9,172.4,101.74
6.72,-9.5,179.42,103.27,-17.17,174.9,106.12
6.74,-8.45,179.43,102.79,-20.33,177.59,110.65
6.76,-7.53,179.43,102.44,7.19,178.38,125.51
6.78,-6.5,179.45,102.19,5.36,177.23,126.42
6.8,-5.29,179.52,102.21,3.54,176.07,127.33
6.82,-4.07,179.53,102.13,1.76,175.04,128.19
6.84,-2.92,179.47,102.23,-0.01,174.02,128.86
6.86,-1.66,179.45,102.38,-1.76,172.96,129.35
6.88,-0.31,179.51,102.64,-3.42,171.98,129.76
6.9,0.88,179.51,102.96,-4.98,171.12,130.02
6.92,2.09,179.54,103.35,-6.48,170.24,130.21
6.94,3.41,179.63,103.84,-7.99,169.43,130.17
6.96,4.77,179.62,104.37,-9.52,168.81,130.0
6.98,-14.58,178.72,114.36,-10.89,168.2,129.71
7.0,-11.72,177.26,112.26,-12.25,167.77,129.23
7.02,-8.96,175.89,110.23,-13.42,167.42,128.55
7.04,-6.4,174.44,108.24,-14.6,167.16,127.73
7.06,-3.99,173.2,106.36,-15.57,166.99,126.75
7.08,-1.84,172.05,104.55,-16.45,167.03,125.67
7.1,0.11,170.88,102.76,-17.29,167.01,124.32
7.12,1.87,169.88,101.29,-18.11,167.25,122.93
7.14,3.5,169.1,100.05,-18.61,167.58,121.45
7.16,4.77,168.34,99.0,-19.02,168.01,119.89
7.18,5.93,167.7,98.1,-19.53,168.56,118.14
7.2,6.78,167.3,97.6,-19.74,169.19,116.42
7.22,7.23,167.05,97.1,-19.84,169.86,114.66
7.24,7.35,167.01,96.99,-19.97,179.02,112.75
7.26,7.26,167.13,97.09,-19.96,179.04,110.88
7.28,6.68,167.41,97.4,-19.71,178.92,109.1
7.3,5.77,167.9,98.04,-19.49,178.96,107.44
7.32,4.66,168.41,99.15,-19.08,178.92,105.74
7.34,3.24,169.16,100.24,-18.62,178.94,104.17
7.36,1.48,169.97,101.67,-18.04,178.93,102.7
7.38,-0.39,171.0,103.37,-17.28,178.98,101.31
7.4,-2.48,172.06,105.12,-16.43,178.96,99.97
7.42,-4.66,173.35,106.98,-15.4,178.98,98.89
7.44,-7.03,174.66,108.99,-14.22,178.93,97.91
7.46,-9.37,176.08,111.0,-13.06,178.94,97.19
7.48,-12.04,177.52,112.96,-11.82,178.96,96.61
7.5,5.33,179.49,125.03,-10.44,178.88,96.21
7.52,3.91,178.78,125.53,-9.06,178.87,95.85
7.54,2.68,177.98,126.17,-7.68,178.86,95.76
7.56,1.16,177.2,126.66,-6.08,178.77,95.66
7.58,-0.14,176.49,127.19,-4.48,178.74,95.79
7.6,-1.51,175.77,127.58,-2.95,178.85,96.1
7.62,-2.92,175.03,127.89,-1.24,178.91,96.66
7.64,-4.32,174.39,128.04,0.52,178.96,97.22
7.66,-5.48,173.91,128.08,2.19,179.0,98.0
7.68,-6.54,173.38,128.04,3.94,179.06,98.85
7.7,-7.56,172.92,127.83,5.84,179.04,99.68
7.72,-8.31,172.55,127.49,7.58,178.96,100.64
7.74,-9.17,172.21,127.0,-19.53,176.94,109.5
7.76,-10.07,171.96,126.54,-16.17,174.3,105.02
7.78,-10.99,171.74,125.91,-13.1,171.73,100.62
7.8,-11.75,171.64,125.2,-10.23,169.32,96.44
7.82,-12.68,171.63,124.39,-7.38,167.04,92.45
7.84,-13.25,171.67,123.51,-4.78,164.94,88.79
7.86,-13.68,171.68,122.45,-2.56,163.04,85.45
7.88,-14.12,171.83,121.44,-0.35,161.37,82.5
7.9,-14.66,172.05,120.35,1.43,159.87,80.05
7.92,-14.78,172.32,119.15,2.9,158.72,78.09
7.94,-15.14,172.71,117.91,3.91,157.82,76.57
7.96,-15.27,173.16,116.68,4.74,157.24,75.62
7.98,-15.4,173.69,115.38,5.11,156.89,75.11
8.0,-15.28,179.55,114.15,5.09,156.96,75.17
8.02,-15.25,179.55,112.85,4.59,157.32,75.66
8.04,-15.03,179.46,111.61,3.86,158.03,76.74
8.06,-14.85,179.49,110.42,2.56,159.06,78.32
8.08,-14.31,179.47,109.26,0.92,160.37,80.59
8.1,-13.88,179.51,108.09,-0.9,161.87,83.24
8.12,-13.35,179.41,107.09,-3.13,163.58,86.34
8.14,-12.72,179.55,106.1,-5.61,165.52,89.76
8.16,-11.95,179.51,105.19,-8.3,167.7,93.54
8.18,-11.17,179.54,104.43,-11.19,169.98,97.53
8.2,-10.33,179.47,103.74,-14.14,172.51,101.75
8.22,-9.52,179.59,103.3,-17.24,175.11,106.08
8.24,-8.47,179.48,102.85,-20.4,177.82,110.62
8.26,-7.45,179.46,102.5,7.11,178.49,125.41
8.28,-6.47,179.49,102.14,5.32,177.41,126.39
8.3,-5.15,179.52,101.92,3.5,176.32,127.18
8.32,-3.86,179.51,101.73,1.82,175.15,128.06
8.34,-2.65,179.58,101.84,0.06,173.96,128.81
8.36,-1.42,179.62,102.1,-1.58,172.88,129.43
8.38,0.06,179.56,102.38,-3.26,171.91,129.88
8.4,1.38,179.58,102.89,-4.96,170.86,130.3
8.42,2.68,179.65,103.4,-6.61,170.03,130.42
8.44,4.0,179.62,103.92,-8.2,169.36,130.32
8.46,5.38,179.61,104.56,-9.53,168.77,130.09
8.48,-14.02,178.78,114.61,-10.81,168.2,129.75
8.5,-11.56,177.38,112.41,-12.14,167.81,129.28
8.52,-8.89,175.93,110.29,-13.36,167.51,128.66
8.54,-6.37,174.6,108.13,-14.41,167.21,127.92
8.56,-4.14,173.26,106.08,-15.57,167.04,126.95
8.58,-2.07,172.07,104.21,-16.53,166.97,125.73
8.6,-0.09,170.88,102.51,-17.3,167.08,124.38
8.62,1.68,169.86,101.06,-17.95,167.26,123.01
8.64,3.25,168.95,99.88,-18.57,167.61,121.43
8.66,4.81,168.27,98.83,-19.1,168.09,119.87
8.68,5.94,167.66,97.96,-19.64,168.59,118.19
8.7,6.95,167.31,97.41,-19.92,169.23,116.51
8.72,7.31,167.07,97.09,-20.12,169.96,114.59
8.74,7.26,167.1,96.93,-20.17,179.14,112.85
8.76,6.95,167.22,97.18,-19.93,179.16,110.95
8.78,6.46,167.48,97.62,-19.6,179.15,109.13
8.8,5.52,167.95,98.28,-19.3,179.07,107.34
8.82,4.35,168.58,99.2,-18.78,178.99,105.78
8.84,3.06,169.23,100.39,-18.24,178.99,104.12
8.86,1.32,170.13,101.71,-17.74,178.88,102.59
8.88,-0.56,171.18,103.27,-16.98,178.97,101.27
8.9,-2.64,172.27,104.94,-16.0,179.04,100.01
8.92,-4.84,173.51,106.77,-15.16,179.09,98.87
8.94,-7.3,174.86,108.67,-14.11,179.07,97.99
8.96,-9.83,176.22,110.68,-13.05,179.08,97.25
8.98,-12.5,177.6,112.78,-11.82,179.02,96.69
9.0,4.89,179.54,124.95,-10.68,179.01,96.23
9.02,3.56,178.68,125.55,-9.25,179.02,95.89
9.04,2.31,177.87,126.08,-7.83,179.01,95.64
9.06,1.03,177.17,126.56,-6.2,179.03,95.66
9.08,-0.31,176.42,127.0,-4.6,178.98,95.75
9.1,-1.65,175.68,127.37,-2.98,178.9,96.12
9.12,-2.9,174.98,127.59,-1.27,178.94,96.64
9.14,-4.18,174.38,127.92,0.43,178.9,97.27
9.16,-5.4,173.7,127.97,2.05,178.92,98.01
9.18,-6.34,173.26,127.97,3.77,179.03,98.89
9.2,-7.41,172.86,127.84,5.61,179.02,99.83
9.22,-8.41,172.51,127.59,7.55,178.96,100.84
9.24,-9.33,172.27,127.24,-19.52,177.07,109.77
9.26,-10.16,172.08,126.73,-16.33,174.46,105.27
9.28,-11.16,171.8,126.13,-13.24,171.99,100.88
9.3,-11.9,171.55,125.45,-10.18,169.54,96.66
9.32,-12.5,171.6,124.64,-7.37,167.27,92.59
9.34,-13.18,171.49,123.72,-4.88,165.1,88.87
9.36,-13.77,171.49,122.77,-2.54,163.2,85.5
9.38,-14.24,171.7,121.68,-0.31,161.41,82.56
9.4,-14.83,172.12,120.51,1.43,160.0,80.05
9.42,-15.3,172.39,119.34,2.71,158.79,78.05
9.44,-15.39,172.84,118.08,3.92,157.84,76.43
9.46,-15.37,173.36,116.87,4.6,157.25,75.43
9.48,-15.41,173.85,115.48,4.83,156.97,74.98
9.5,-15.17,179.65,114.25,4.78,157.06,75.02
9.52,-14.92,179.61,112.89,4.44,157.44,75.68
9.54,-14.59,179.59,111.64,3.54,158.18,76.91
9.56,-14.33,179.57,110.44,2.52,159.13,78.53
9.58,-13.94,179.51,109.29,0.93,160.33,80.67
9.6,-13.58,179.47,108.09,-0.93,161.8,83.23
9.62,-13.17,179.4,107.07,-3.19,163.56,86.35
9.64,-12.75,179.4,106.04,-5.59,165.58,89.81
9.66,-12.18,179.36,105.08,-8.32,167.74,93.59
9.68,-11.5,179.35,104.39,-11.1,170.11,97.58
9.7,-10.63,179.37,103.8,-14.09,172.57,101.86
9.72,-9.69,179.48,103.35,-17.19,175.13,106.17
9.74,-8.62,179.51,102.87,-20.37,177.71,110.71
9.76,-7.47,179.49,102.53,7.09,178.53,125.52
9.78,-6.29,179.5,102.17,5.24,177.34,126.49
9.8,-5.01,179.52,101.94,3.4,176.22,127.48
9.82,-3.75,179.44,101.9,1.79,175.07,128.29
9.84,-2.71,179.4,102.1,-0.02,174.0,128.98
9.86,-1.41,179.47,102.25,-1.57,172.9,129.52
9.88,-0.1,179.48,102.59,-3.17,171.93,130.02
9.9,1.03,179.45,103.0,-4.77,171.07,130.25
9.92,2.34,179.43,103.42,-6.39,170.25,130.31
9.94,3.67,179.42,103.83,-7.82,169.45,130.35
9.96,4.81,179.41,104.49,-9.32,168.85,130.26
9.98,-14.51,178.53,114.43,-10.75,168.36,129.88
10.0,-11.66,177.11,112.29,-11.99,167.87,129.3
10.02,-9.14,175.76,110.19,-13.23,167.49,128.72
10.04,-6.52,174.44,108.2,-14.41,167.29,127.79
10.06,-4.07,173.14,106.22,-15.53,167.07,126.75
10.08,-1.93,172.04,104.42,-16.46,167.0,125.62
10.1,-0.05,170.92,102.75,-17.4,167.0,124.41
10.12,1.83,169.91,101.22,-18.19,167.23,123.04
10.14,3.39,169.04,99.91,-18.69,167.46,121.55
10.16,4.71,168.33,98.94,-19.15,167.95,119.87
10.18,5.81,167.72,98.13,-19.53,168.45,118.23
10.2,6.59,167.31,97.51,-19.75,169.13,116.54
10.22,7.07,167.07,97.21,-19.86,169.78,114.83
10.24,7.12,166.97,97.11,-20.1,179.0,112.95
10.26,6.94,167.01,97.25,-20.04,179.0,111.21
10.28,6.46,167.35,97.66,-19.84,178.92,109.28
10.3,5.68,167.75,98.33,-19.47,178.97,107.5
10.32,4.51,168.35,99.23,-19.12,179.01,105.66
10.34,3.18,169.1,100.3,-18.57,178.98,104.2
10.36,1.61,170.08,101.52,-17.87,178.89,102.67
10.38,-0.45,171.03,102.98,-17.17,179.04,101.3
10.4,-2.55,172.26,104.7,-16.45,178.96,100.0
10.42,-4.82,173.49,106.61,-15.5,178.9,98.83
10.44,-7.21,174.84,108.76,-14.36,178.99,97.81
10.46,-9.86,176.15,110.91,-13.29,179.04,96.95
10.48,-12.49,177.65,113.11,-12.15,178.94,96.39
10.5,4.7,179.49,125.17,-10.72,178.99,95.84
10.52,3.42,178.75,125.67,-9.23,178.99,95.61
10.54,2.08,178.0,126.09,-7.72,178.99,95.51
10.56,0.76,177.3,126.54,-6.22,179.01,95.65
10.58,-0.36,176.48,126.94,-4.53,179.07,95.8
10.6,-1.63,175.82,127.36,-2.94,179.07,96.23
10.62,-2.88,175.14,127.55,-1.3,179.17,96.72
10.64,-4.2,174.49,127.8,0.42,179.13,97.28
10.66,-5.35,173.93,127.84,2.2,179.05,97.93
10.68,-6.52,173.49,127.82,3.99,179.05,98.82
10.7,-7.55,173.01,127.8,5.81,179.11,99.62
10.72,-8.6,172.55,127.59,7.66,179.01,100.58
10.74,-9.41,172.21,127.04,-19.47,177.03,109.39
10.76,-10.32,171.99,126.59,-16.19,174.48,104.99
10.78,-11.11,171.68,126.04,-13.08,171.93,100.58
10.8,-11.9,171.63,125.32,-10.04,169.38,96.43
10.82,-12.54,171.68,124.5,-7.27,167.16,92.44
10.84,-13.14,171.68,123.75,-4.75,165.13,88.8
10.86,-13.82,171.71,122.75,-2.35,163.19,85.43
10.88,-14.41,171.96,121.62,-0.23,161.46,82.47
10.9,-14.68,172.13,120.52,1.45,159.99,80.01
10.92,-15.04,172.37,119.32,2.85,158.78,78.05
10.94,-15.33,172.74,118.07,4.0,157.85,76.48
10.96,-15.34,173.12,116.85,4.67,157.28,75.47
10.98,-15.32,173.54,115.63,4.97,157.03,75.12
11.0,-15.34,179.37,114.22,4.97,157.11,75.14
11.02,-15.12,179.38,113.03,4.66,157.41,75.64
11.04,-14.91,179.37,111.74,3.89,158.06,76.84
11.06,-14.55,179.41,110.5,2.69,159.04,78.48
11.08,-14.2,179.38,109.25,1.2,160.23,80.52
11.1,-13.76,179.44,108.16,-0.73,161.82,83.17
11.12,-13.33,179.47,107.08,-2.96,163.65,86.28
11.14,-12.69,179.42,106.15,-5.35,165.65,89.74
11.16,-12.05,179.43,105.25,-8.05,167.74,93.56
11.18,-11.23,179.53,104.54,-11.01,170.08,97.64
11.2,-10.21,179.47,103.83,-14.01,172.48,101.87
11.22,-9.21,179.5,103.19,-17.23,175.04,106.25
11.24,-8.29,179.59,102.77,-20.59,177.66,110.56
11.26,-7.14,179.55,102.37,6.89,178.47,125.27
11.28,-6.11,179.5,102.05,5.06,177.36,126.25
11.3,-5.26,179.57,101.9,3.3,176.19,127.23
11.32,-4.22,179.51,102.04,1.65,175.11,128.08
11.34,-3.11,179.51,101.96,-0.11,173.93,128.9
11.36,-1.97,179.51,102.36,-1.71,172.94,129.49
11.38,-0.66,179.52,102.73,-3.27,171.97,129.9
11.4,0.91,179.44,103.15,-4.84,171.16,130.21
11.42,2.33,179.44,103.53,-6.5,170.31,130.3
11.44,3.78,179.39,104.18,-7.91,169.59,130.3
11.46,5.2,179.39,104.63,-9.5,168.85,130.19
11.48,-14.31,178.57,114.54,-10.85,168.29,129.82
11.5,-11.76,177.23,112.41,-12.18,167.78,129.3
11.52,-9.12,175.85,110.32,-13.32,167.4,128.81
11.54,-6.69,174.49,108.25,-14.56,167.14,127.95
11.56,-4.27,173.21,106.28,-15.57,167.01,126.93
11.58,-1.85,172.0,104.42,-16.51,167.0,125.76
11.6,0.16,170.86,102.79,-17.4,166.99,124.45
11.62,1.99,169.93,101.33,-18.13,167.2,122.94
11.64,3.85,169.12,99.9,-18.75,167.49,121.43
11.66,5.11,168.42,98.86,-19.15,167.86,119.76
11.68,6.15,167.8,98.04,-19.65,168.31,118.11
11.7,6.89,167.4,97.38,-19.84,168.94,116.42
11.72,7.23,167.08,96.97,-19.99,169.58,114.63
11.74,7.24,167.02,97.08,-19.99,178.76,112.87
11.76,6.97,167.16,97.26,-19.94,178.87,111.1
11.78,6.45,167.42,97.62,-19.66,178.91,109.35
11.8,5.62,167.81,98.31,-19.42,178.98,107.56
11.82,4.6,168.35,99.19,-19.1,179.05,105.83
11.84,3.16,169.1,100.19,-18.64,179.08,104.21
11.86,1.64,169.92,101.46,-18.01,179.0,102.68
11.88,-0.3,170.89,103.07,-17.36,178.98,101.24
11.9,-2.39,172.09,104.8,-16.48,179.03,99.98
11.92,-4.78,173.48,106.72,-15.48,179.08,98.92
11.94,-7.26,174.77,108.8,-14.29,179.01,97.89
11.96,-9.85,176.21,110.91,-13.18,178.98,97.18
11.98,-12.38,177.7,112.95,-11.89,179.01,96.59
12.0,4.92,179.62,125.08,-10.54,178.92,96.08
12.02,3.72,178.79,125.71,-9.12,178.88,95.69
12.04,2.52,178.02,126.28,-7.68,178.91,95.6
12.06,1.22,177.24,126.83,-6.11,179.03,95.57
12.08,0.0,176.52,127.33,-4.59,179.08,95.73
12.1,-1.26,175.8,127.68,-2.96,179.12,96.09
12.12,-2.65,175.14,127.96,-1.26,179.14,96.55
12.14,-4.08,174.52,128.09,0.39,179.21,97.14
12.16,-5.17,173.9,128.05,2.1,179.11,97.88
12.18,-6.39,173.38,127.97,3.96,179.03,98.73
12.2,-7.42,172.91,127.76,5.7,179.03,99.63
12.22,-8.34,172.46,127.41,7.49,179.02,100.78
12.24,-9.26,172.13,127.02,-19.5,177.02,109.57
12.26,-10.11,171.92,126.54,-16.24,174.38,105.14
12.28,-10.99,171.71,125.93,-13.19,171.84,100.72
12.3,-11.75,171.61,125.17,-10.16,169.4,96.59
12.32,-12.43,171.59,124.4,-7.29,167.07,92.55
12.34,-12.94,171.66,123.51,-4.73,165.01,89.0
12.36,-13.65,171.73,122.51,-2.37,163.09,85.6
12.38,-14.19,171.88,121.5,-0.09,161.43,82.62
12.4,-14.55,172.07,120.5,1.71,160.04,80.14
12.42,-14.78,172.31,119.22,3.09,158.95,78.1
12.44,-14.94,172.63,117.95,4.22,157.97,76.53
12.46,-14.98,173.03,116.69,4.89,157.45,75.59
12.48,-15.01,173.52,115.33,5.11,157.18,75.11
12.5,-15.07,179.42,114.03,4.99,157.17,75.15
12.52,-15.08,179.48,112.82,4.63,157.44,75.74
12.54,-14.96,179.49,111.59,3.71,158.13,76.86
12.56,-14.7,179.53,110.3,2.61,158.99,78.47
12.58,-14.4,179.54,109.21,1.1,160.24,80.61
12.6,-13.76,179.47,107.99,-0.81,161.75,83.16
12.62,-13.22,179.41,106.95,-3.04,163.51,86.29
12.64,-12.63,179.41,106.01,-5.55,165.55,89.76
12.66,-12.08,179.35,105.3,-8.26,167.79,93.51
12.68,-11.3,179.37,104.42,-11.11,170.08,97.62
12.7,-10.51,179.49,103.65,-14.09,172.61,101.89
12.72,-9.58,179.57,103.08,-17.24,175.15,106.31
12.74,-8.67,179.57,102.69,-20.22,177.67,110.77
12.76,-7.66,179.67,102.34,7.2,178.42,125.57
12.78,-6.49,179.65,102.18,5.29,177.31,126.58
12.8,-5.3,179.58,102.18,3.62,176.11,127.46
12.82,-4.14,179.52,102.2,1.95,174.98,128.27
12.84,-2.94,179.51,102.15,0.1,173.91,128.91
12.86,-1.62,179.45,102.3,-1.53,172.87,129.55
12.88,-0.33,179.45,102.61,-3.06,171.86,129.93
12.9,0.67,179.46,103.06,-4.81,170.97,130.26
12.92,2.01,179.49,103.61,-6.52,170.2,130.25
12.94,3.43,179.51,104.21,-7.96,169.41,130.29
12.96,4.84,179.57,104.74,-9.36,168.81,129.99
12.98,-14.36,178.74,114.65,-10.78,168.26,129.64
13.0,-11.45,177.25,112.36,-12.08,167.83,129.12
13.02,-8.86,175.75,110.08,-13.14,167.47,128.57
13.04,-6.4,174.41,108.0,-14.36,167.32,127.75
13.06,-3.87,173.03,106.06,-15.5,167.16,126.81
13.08,-1.75,171.78,104.26,-16.44,167.17,125.64
13.1,0.22,170.68,102.64,-17.13,167.23,124.32
13.12,2.08,169.72,101.24,-17.91,167.4,122.95
13.14,3.77,168.84,99.97,-18.47,167.75,121.38
13.16,4.91,168.2,98.92,-18.93,168.18,119.83
13.18,5.91,167.62,98.05,-19.33,168.66,118.18
13.2,6.62,167.17,97.5,-19.67,169.21,116.47
13.22,7.05,166.98,97.13,-20.01,169.87,114.65
13.24,7.12,166.91,96.99,-20.1,178.97,112.94
13.26,6.88,166.94,97.12,-20.04,178.94,111.06
13.28,6.41,167.24,97.54,-19.92,178.9,109.28
13.3,5.61,167.78,98.13,-19.62,178.95,107.54
13.32,4.6,168.42,98.95,-19.07,179.06,105.84
13.34,3.05,169.17,100.1,-18.43,179.07,104.23
13.36,1.52,170.08,101.52,-17.71,179.02,102.74
13.38,-0.3,171.14,103.08,-16.93,179.04,101.4
13.4,-2.53,172.27,104.86,-16.11,179.01,100.23
13.42,-4.94,173.48,106.79,-15.15,178.94,99.11
13.44,-7.21,174.75,108.78,-14.22,178.9,98.13
13.46,-9.93,176.14,110.81,-13.16,178.92,97.25
13.48,-12.69,177.48,112.91,-11.95,178.88,96.47
13.5,4.72,179.41,125.06,-10.69,178.9,95.94
13.52,3.54,178.7,125.61,-9.26,178.9,95.62
13.54,2.31,177.92,126.07,-7.74,178.81,95.44
13.56,1.19,177.13,126.55,-6.28,178.9,95.55
13.58,-0.0,176.48,127.06,-4.6,178.98,95.85
13.6,-1.27,175.78,127.45,-2.94,178.97,96.22
13.62,-2.67,175.03,127.79,-1.27,178.99,96.71
13.64,-3.92,174.49,128.14,0.46,179.06,97.31
13.66,-5.26,173.95,128.22,2.25,179.05,98.07
13.68,-6.39,173.44,128.12,4.0,179.07,98.89
13.7,-7.41,173.0,127.89,5.8,179.09,99.78
13.72,-8.43,172.6,127.56,7.58,179.13,100.75
13.74,-9.38,172.29,127.15,-19.61,177.21,109.6
13.76,-10.17,172.02,126.72,-16.45,174.49,105.07
13.78,-11.09,171.78,126.1,-13.38,171.88,100.7
13.8,-11.77,171.63,125.4,-10.45,169.44,96.49
13.82,-12.53,171.64,124.61,-7.64,167.09,92.53
13.84,-13.16,171.64,123.71,-5.03,164.95,88.8
13.86,-13.75,171.75,122.66,-2.62,163.06,85.46
13.88,-14.19,171.89,121.6,-0.53,161.38,82.52
